species	matrix_row	matrix_column	cluster_family	cluster	hox_number	gene_symbol	gene_id	transcript_id	protein_id	cds_rank	seqname	start	end	strand	phase	source
human	human	A	A	A	13	HOXA13	ENSG00000106031	ENST00000649031	ENSP00000497112	1	7	27199156	27200077	-	0	ensembl_havana
human	human	A	A	A	13	HOXA13	ENSG00000106031	ENST00000649031	ENSP00000497112	2	7	27198201	27198442	-	2	ensembl_havana
human	human	A	A	A	11	HOXA11	ENSG00000005073	ENST00001135396	ENSP00000801216	1	7	27184436	27185144	-	0	ensembl_havana
human	human	A	A	A	11	HOXA11	ENSG00000005073	ENST00001135396	ENSP00000801216	2	7	27182799	27183028	-	2	ensembl_havana
human	human	A	A	A	10	HOXA10	ENSG00000253293	ENST00000396344	ENSP00000379633	1	7	27179646	27179655	-	0	havana
human	human	A	A	A	10	HOXA10	ENSG00000253293	ENST00000396344	ENSP00000379633	2	7	27171902	27172173	-	2	havana
human	human	A	A	A	9	HOXA9	ENSG00000078399	ENST00001143300	ENSP00000808070	1	7	27164878	27165457	-	0	ensembl_havana
human	human	A	A	A	9	HOXA9	ENSG00000078399	ENST00001143300	ENSP00000808070	2	7	27163606	27163841	-	2	ensembl_havana
human	human	A	A	A	7	HOXA7	ENSG00000122592	ENST00001136817	ENSP00000802270	1	7	27156167	27156545	-	0	ensembl_havana
human	human	A	A	A	7	HOXA7	ENSG00000122592	ENST00001136817	ENSP00000802270	2	7	27154912	27155222	-	2	ensembl_havana
human	human	A	A	A	6	HOXA6	ENSG00000106006	ENST00001140137	ENSP00000801795	1	7	27147308	27147749	-	0	ensembl_havana
human	human	A	A	A	6	HOXA6	ENSG00000106006	ENST00001140137	ENSP00000801795	2	7	27145661	27145917	-	2	ensembl_havana
human	human	A	A	A	5	HOXA5	ENSG00000106004	ENST00001138441	ENSP00000801794	1	7	27143046	27143607	-	0	ensembl_havana
human	human	A	A	A	5	HOXA5	ENSG00000106004	ENST00001138441	ENSP00000801794	2	7	27141838	27142085	-	2	ensembl_havana
human	human	A	A	A	4	HOXA4	ENSG00000197576	ENST00000610970	ENSP00000479166	1	7	27130118	27130733	-	0	ensembl
human	human	A	A	A	4	HOXA4	ENSG00000197576	ENST00000610970	ENSP00000479166	2	7	27129228	27129571	-	2	ensembl
human	human	A	A	A	3	HOXA3	ENSG00000105997	ENST00000851228	ENSP00000521287	1	7	27110115	27110640	-	0	havana_tagene
human	human	A	A	A	3	HOXA3	ENSG00000105997	ENST00000851228	ENSP00000521287	2	7	27107918	27108720	-	2	havana_tagene
human	human	A	A	A	2	HOXA2	ENSG00000105996	ENST00001141882	ENSP00000801793	1	7	27102110	27102500	-	0	ensembl_havana
human	human	A	A	A	2	HOXA2	ENSG00000105996	ENST00001141882	ENSP00000801793	2	7	27100729	27101465	-	2	ensembl_havana
human	human	A	A	A	1	HOXA1	ENSG00000105991	ENST00000643460	ENSP00000494260	1	7	27095261	27095912	-	0	ensembl_havana
human	human	A	A	A	1	HOXA1	ENSG00000105991	ENST00000643460	ENSP00000494260	2	7	27094443	27094795	-	2	ensembl_havana
human	human	B	B	B	13	HOXB13	ENSG00000159184	ENST00001143312	ENSP00000804766	1	17	48727993	48728593	-	0	ensembl_havana
human	human	B	B	B	13	HOXB13	ENSG00000159184	ENST00001143312	ENSP00000804766	2	17	48726793	48727043	-	2	ensembl_havana
human	human	B	B	B	9	HOXB9	ENSG00000170689	ENST00001142771	ENSP00000806053	1	17	48625753	48626269	-	0	ensembl_havana
human	human	B	B	B	9	HOXB9	ENSG00000170689	ENST00001142771	ENSP00000806053	2	17	48622903	48623135	-	2	ensembl_havana
human	human	B	B	B	8	HOXB8	ENSG00000120068	ENST00000884865	ENSP00000554924	1	17	48614281	48614704	-	0	havana_tagene
human	human	B	B	B	8	HOXB8	ENSG00000120068	ENST00000884865	ENSP00000554924	2	17	48613205	48613509	-	2	havana_tagene
human	human	B	B	B	7	HOXB7	ENSG00000260027	ENST00001137302	ENSP00000802200	1	17	48610519	48610918	-	0	ensembl_havana
human	human	B	B	B	7	HOXB7	ENSG00000260027	ENST00001137302	ENSP00000802200	2	17	48607845	48608095	-	2	ensembl_havana
human	human	B	B	B	6	HOXB6	ENSG00000108511	ENST00000484302	ENSP00000420009	1	17	48597736	48598150	-	0	havana
human	human	B	B	B	6	HOXB6	ENSG00000108511	ENST00000484302	ENSP00000420009	2	17	48596416	48596672	-	2	havana
human	human	B	B	B	5	HOXB5	ENSG00000120075	ENST00001143579	ENSP00000802199	1	17	48593121	48593682	-	0	ensembl_havana
human	human	B	B	B	5	HOXB5	ENSG00000120075	ENST00001143579	ENSP00000802199	2	17	48592212	48592456	-	2	ensembl_havana
human	human	B	B	B	4	HOXB4	ENSG00000182742	ENST00001143498	ENSP00000807177	1	17	48577863	48578319	-	0	ensembl_havana
human	human	B	B	B	4	HOXB4	ENSG00000182742	ENST00001143498	ENSP00000807177	2	17	48576725	48577020	-	2	ensembl_havana
human	human	B	B	B	3	HOXB3	ENSG00000120093	ENST00000866120	ENSP00000536179	1	17	48552027	48552474	-	0	havana_tagene
human	human	B	B	B	3	HOXB3	ENSG00000120093	ENST00000866120	ENSP00000536179	2	17	48550337	48551181	-	2	havana_tagene
human	human	B	B	B	2	HOXB2	ENSG00000173917	ENST00001136010	ENSP00000807325	1	17	48544521	48544911	-	0	ensembl_havana
human	human	B	B	B	2	HOXB2	ENSG00000173917	ENST00001136010	ENSP00000807325	2	17	48543071	48543747	-	2	ensembl_havana
human	human	B	B	B	1	HOXB1	ENSG00000120094	ENST00000239174	ENSP00000355140	1	17	48530328	48530904	-	0	ensembl_havana
human	human	B	B	B	1	HOXB1	ENSG00000120094	ENST00000239174	ENSP00000355140	2	17	48529550	48529875	-	2	ensembl_havana
human	human	C	C	C	13	HOXC13	ENSG00000123364	ENST00001142801	ENSP00000802304	1	12	53938907	53939642	+	0	ensembl_havana
human	human	C	C	C	13	HOXC13	ENSG00000123364	ENST00001142801	ENSP00000802304	2	12	53945000	53945253	+	2	ensembl_havana
human	human	C	C	C	12	HOXC12	ENSG00000123407	ENST00000243103	ENSP00000243103	1	12	53954930	53955539	+	0	ensembl_havana
human	human	C	C	C	12	HOXC12	ENSG00000123407	ENST00000243103	ENSP00000243103	2	12	53956328	53956563	+	2	ensembl_havana
human	human	C	C	C	11	HOXC11	ENSG00000123388	ENST00000546378	ENSP00000446680	1	12	53973242	53973923	+	0	ensembl_havana
human	human	C	C	C	11	HOXC11	ENSG00000123388	ENST00000546378	ENSP00000446680	2	12	53975181	53975410	+	2	ensembl_havana
human	human	C	C	C	10	HOXC10	ENSG00000180818	ENST00001125459	ENSP00000795264	1	12	53985260	53986010	+	0	havana_tagene
human	human	C	C	C	10	HOXC10	ENSG00000180818	ENST00001125459	ENSP00000795264	2	12	53989171	53989244	+	2	havana_tagene
human	human	C	C	C	9	HOXC9	ENSG00000180806	ENST00000508190	ENSP00000423861	1	12	54000189	54000726	+	0	havana
human	human	C	C	C	9	HOXC9	ENSG00000180806	ENST00000508190	ENSP00000423861	2	12	54002430	54002671	+	2	havana
human	human	C	C	C	8	HOXC8	ENSG00000037965	ENST00001141970	ENSP00000801260	1	12	54009285	54009720	+	0	ensembl_havana
human	human	C	C	C	8	HOXC8	ENSG00000037965	ENST00001141970	ENSP00000801260	2	12	54011089	54011378	+	2	ensembl_havana
human	human	C	C	C	6	HOXC6	ENSG00000197757	ENST00000504315	ENSP00000424124	1	12	54028768	54028922	+	0	havana
human	human	C	C	C	5	HOXC5	ENSG00000172789	ENST00001142737	ENSP00000806046	1	12	54033123	54033576	+	0	ensembl_havana
human	human	C	C	C	5	HOXC5	ENSG00000172789	ENST00001142737	ENSP00000806046	2	12	54034278	54034489	+	2	ensembl_havana
human	human	C	C	C	4	HOXC4	ENSG00000198353	ENST00000303406	ENSP00000305973	1	12	54053923	54054361	+	0	ensembl_havana
human	human	C	C	C	4	HOXC4	ENSG00000198353	ENST00000303406	ENSP00000305973	2	12	54054850	54055202	+	2	ensembl_havana
human	human	D	D	D	13	HOXD13	ENSG00000128714	ENST00001144981	ENSP00000811539	1	2	176092891	176093671	+	0	ensembl_havana
human	human	D	D	D	13	HOXD13	ENSG00000128714	ENST00001144981	ENSP00000811539	2	2	176094480	176094727	+	2	ensembl_havana
human	human	D	D	D	12	HOXD12	ENSG00000170178	ENST00000406506	ENSP00000385586	1	2	176099802	176100375	+	0	ensembl_havana
human	human	D	D	D	12	HOXD12	ENSG00000170178	ENST00000406506	ENSP00000385586	2	2	176100522	176100757	+	2	ensembl_havana
human	human	D	D	D	11	HOXD11	ENSG00000128713	ENST00001140783	ENSP00000802503	1	2	176107356	176108136	+	0	ensembl_havana
human	human	D	D	D	11	HOXD11	ENSG00000128713	ENST00001140783	ENSP00000802503	2	2	176108907	176109139	+	2	ensembl_havana
human	human	D	D	D	10	HOXD10	ENSG00000128710	ENST00001144475	ENSP00000802502	1	2	176116834	176117578	+	0	ensembl_havana
human	human	D	D	D	10	HOXD10	ENSG00000128710	ENST00001144475	ENSP00000802502	2	2	176118954	176119228	+	2	ensembl_havana
human	human	D	D	D	9	HOXD9	ENSG00000128709	ENST00001141605	ENSP00000802501	1	2	176122769	176123585	+	0	ensembl_havana
human	human	D	D	D	9	HOXD9	ENSG00000128709	ENST00001141605	ENSP00000802501	2	2	176123934	176124172	+	2	ensembl_havana
human	human	D	D	D	8	HOXD8	ENSG00000175879	ENST00000429017	ENSP00000406045	1	2	176130919	176130943	+	0	ensembl_havana
human	human	D	D	D	8	HOXD8	ENSG00000175879	ENST00000429017	ENSP00000406045	2	2	176131317	176131609	+	2	ensembl_havana
human	human	D	D	D	4	HOXD4	ENSG00000170166	ENST00001121748	ENSP00000791553	1	2	176151634	176152066	+	0	havana_tagene
human	human	D	D	D	4	HOXD4	ENSG00000170166	ENST00001121748	ENSP00000791553	2	2	176152705	176152709	+	2	havana_tagene
human	human	D	D	D	3	HOXD3	ENSG00000128652	ENST00000963805	ENSP00000633864	1	2	176169115	176169655	+	0	havana_tagene
human	human	D	D	D	3	HOXD3	ENSG00000128652	ENST00000963805	ENSP00000633864	2	2	176171517	176172271	+	2	havana_tagene
human	human	D	D	D	1	HOXD1	ENSG00000128645	ENST00001046781	ENSP00000716598	1	2	176188802	176189453	+	0	havana_tagene
human	human	D	D	D	1	HOXD1	ENSG00000128645	ENST00001046781	ENSP00000716598	2	2	176189549	176189681	+	2	havana_tagene
human	human	D	D	D	1	HOXD1	ENSG00000128645	ENST00001046781	ENSP00000716598	3	2	176189808	176189832	+	1	havana_tagene
mouse	mouse	A	A	A	13	Hoxa13	ENSMUSG00000038203	ENSMUST00000147595	ENSMUSP00000125221	1	6	52236844	52237759	-	0	havana
mouse	mouse	A	A	A	13	Hoxa13	ENSMUSG00000038203	ENSMUST00000147595	ENSMUSP00000125221	2	6	52235887	52236128	-	2	havana
mouse	mouse	A	A	A	11	Hoxa11	ENSMUSG00000038210	ENSMUST00000048026	ENSMUSP00000040920	1	6	52221991	52222699	-	0	ensembl_havana
mouse	mouse	A	A	A	11	Hoxa11	ENSMUSG00000038210	ENSMUST00000048026	ENSMUSP00000040920	2	6	52220343	52220572	-	2	ensembl_havana
mouse	mouse	A	A	A	10	Hoxa10	ENSMUSG00000000938	ENSMUST00000121043	ENSMUSP00000112872	1	6	52217258	52217267	-	0	ensembl_havana
mouse	mouse	A	A	A	10	Hoxa10	ENSMUSG00000000938	ENSMUST00000121043	ENSMUSP00000112872	2	6	52209489	52209760	-	2	ensembl_havana
mouse	mouse	A	A	A	9	Hoxa9	ENSMUSG00000038227	ENSMUST00000048680	ENSMUSP00000046939	1	6	52202508	52203084	-	0	ensembl_havana
mouse	mouse	A	A	A	9	Hoxa9	ENSMUSG00000038227	ENSMUST00000048680	ENSMUSP00000046939	2	6	52201227	52201462	-	2	ensembl_havana
mouse	mouse	A	A	A	7	Hoxa7	ENSMUSG00000038236	ENSMUST00000150041	ENSMUSP00000140519	1	6	52194010	52194219	-	0	havana
mouse	mouse	A	A	A	7	Hoxa7	ENSMUSG00000038236	ENSMUST00000150041	ENSMUSP00000140519	2	6	52192989	52193010	-	0	havana
mouse	mouse	A	A	A	6	Hoxa6	ENSMUSG00000043219	ENSMUST00000062829	ENSMUSP00000058755	1	6	52185166	52185604	-	0	ensembl_havana
mouse	mouse	A	A	A	6	Hoxa6	ENSMUSG00000043219	ENSMUST00000062829	ENSMUSP00000058755	2	6	52183348	52183604	-	2	ensembl_havana
mouse	mouse	A	A	A	5	Hoxa5	ENSMUSG00000038253	ENSMUST00000048794	ENSMUSP00000039012	1	6	52180769	52181330	-	0	ensembl_havana
mouse	mouse	A	A	A	5	Hoxa5	ENSMUSG00000038253	ENSMUST00000048794	ENSMUSP00000039012	2	6	52179564	52179811	-	2	ensembl_havana
mouse	mouse	A	A	A	4	Hoxa4	ENSMUSG00000000942	ENSMUST00000101395	ENSMUSP00000098943	1	6	52168158	52168668	-	0	ensembl_havana
mouse	mouse	A	A	A	4	Hoxa4	ENSMUSG00000000942	ENSMUST00000101395	ENSMUSP00000098943	2	6	52167325	52167668	-	2	ensembl_havana
mouse	mouse	A	A	A	3	Hoxa3	ENSMUSG00000079560	ENSMUST00000114434	ENSMUSP00000110077	1	6	52149101	52149629	-	0	ensembl_havana
mouse	mouse	A	A	A	3	Hoxa3	ENSMUSG00000079560	ENSMUST00000114434	ENSMUSP00000110077	2	6	52146923	52147722	-	2	ensembl_havana
mouse	mouse	A	A	A	2	Hoxa2	ENSMUSG00000014704	ENSMUST00000014848	ENSMUSP00000014848	1	6	52141246	52141624	-	0	ensembl_havana
mouse	mouse	A	A	A	2	Hoxa2	ENSMUSG00000014704	ENSMUST00000014848	ENSMUSP00000014848	2	6	52139869	52140605	-	2	ensembl_havana
mouse	mouse	A	A	A	1	Hoxa1	ENSMUSG00000029844	ENSMUST00000000964	ENSMUSP00000000964	1	6	52134547	52135201	-	0	ensembl_havana
mouse	mouse	A	A	A	1	Hoxa1	ENSMUSG00000029844	ENSMUST00000000964	ENSMUSP00000000964	2	6	52133717	52134069	-	2	ensembl_havana
mouse	mouse	B	B	B	13	Hoxb13	ENSMUSG00000049604	ENSMUST00000062709	ENSMUSP00000056315	1	11	96085269	96085872	+	0	ensembl_havana
mouse	mouse	B	B	B	13	Hoxb13	ENSMUSG00000049604	ENSMUST00000062709	ENSMUSP00000056315	2	11	96086799	96087052	+	2	ensembl_havana
mouse	mouse	B	B	B	9	Hoxb9	ENSMUSG00000020875	ENSMUST00000000010	ENSMUSP00000000010	1	11	96162368	96162884	+	0	ensembl_havana
mouse	mouse	B	B	B	9	Hoxb9	ENSMUSG00000020875	ENSMUST00000000010	ENSMUSP00000000010	2	11	96165450	96165682	+	2	ensembl_havana
mouse	mouse	B	B	B	8	Hoxb8	ENSMUSG00000056648	ENSMUST00000438744	ENSMUSP00000217107	1	11	96173789	96174212	+	0	havana_tagene
mouse	mouse	B	B	B	8	Hoxb8	ENSMUSG00000056648	ENSMUST00000438744	ENSMUSP00000217107	2	11	96174992	96175293	+	2	havana_tagene
mouse	mouse	B	B	B	7	Hoxb7	ENSMUSG00000038721	ENSMUST00000049352	ENSMUSP00000040121	1	11	96177554	96177953	+	0	ensembl_havana
mouse	mouse	B	B	B	7	Hoxb7	ENSMUSG00000038721	ENSMUST00000049352	ENSMUSP00000040121	2	11	96180203	96180453	+	2	ensembl_havana
mouse	mouse	B	B	B	6	Hoxb6	ENSMUSG00000000690	ENSMUST00000173432	ENSMUSP00000133281	1	11	96190003	96190417	+	0	havana
mouse	mouse	B	B	B	6	Hoxb6	ENSMUSG00000000690	ENSMUST00000173432	ENSMUSP00000133281	2	11	96191495	96191751	+	2	havana
mouse	mouse	B	B	B	5	Hoxb5	ENSMUSG00000038700	ENSMUST00000049272	ENSMUSP00000035423	1	11	96194440	96195001	+	0	ensembl_havana
mouse	mouse	B	B	B	5	Hoxb5	ENSMUSG00000038700	ENSMUST00000049272	ENSMUSP00000035423	2	11	96195716	96195960	+	2	ensembl_havana
mouse	mouse	B	B	B	4	Hoxb4	ENSMUSG00000038692	ENSMUST00000049241	ENSMUSP00000048002	1	11	96209596	96210049	+	0	ensembl_havana
mouse	mouse	B	B	B	4	Hoxb4	ENSMUSG00000038692	ENSMUST00000049241	ENSMUSP00000048002	2	11	96210856	96211151	+	2	ensembl_havana
mouse	mouse	B	B	B	3	Hoxb3	ENSMUSG00000048763	ENSMUST00000093944	ENSMUSP00000091476	1	11	96235075	96235522	+	0	ensembl_havana
mouse	mouse	B	B	B	3	Hoxb3	ENSMUSG00000048763	ENSMUST00000093944	ENSMUSP00000091476	2	11	96236372	96237222	+	2	ensembl_havana
mouse	mouse	B	B	B	2	Hoxb2	ENSMUSG00000075588	ENSMUST00000100523	ENSMUSP00000098092	1	11	96242637	96243021	+	0	ensembl_havana
mouse	mouse	B	B	B	2	Hoxb2	ENSMUSG00000075588	ENSMUST00000100523	ENSMUSP00000098092	2	11	96243776	96244452	+	2	ensembl_havana
mouse	mouse	B	B	B	1	Hoxb1	ENSMUSG00000018973	ENSMUST00000019117	ENSMUSP00000019117	1	11	96256653	96257217	+	0	ensembl_havana
mouse	mouse	B	B	B	1	Hoxb1	ENSMUSG00000018973	ENSMUST00000019117	ENSMUSP00000019117	2	11	96257637	96257962	+	2	ensembl_havana
mouse	mouse	C	C	C	13	Hoxc13	ENSMUSG00000001655	ENSMUST00000001700	ENSMUSP00000001700	1	15	102829623	102830352	+	0	ensembl_havana
mouse	mouse	C	C	C	13	Hoxc13	ENSMUSG00000001655	ENSMUST00000001700	ENSMUSP00000001700	2	15	102835604	102835857	+	2	ensembl_havana
mouse	mouse	C	C	C	12	Hoxc12	ENSMUSG00000050328	ENSMUST00000055562	ENSMUSP00000051003	1	15	102845288	102845891	+	0	ensembl_havana
mouse	mouse	C	C	C	12	Hoxc12	ENSMUSG00000050328	ENSMUST00000055562	ENSMUSP00000051003	2	15	102846714	102846949	+	2	ensembl_havana
mouse	mouse	C	C	C	11	Hoxc11	ENSMUSG00000001656	ENSMUST00000001701	ENSMUSP00000001701	1	15	102862961	102863642	+	0	ensembl_havana
mouse	mouse	C	C	C	11	Hoxc11	ENSMUSG00000001656	ENSMUST00000001701	ENSMUSP00000001701	2	15	102864904	102865133	+	2	ensembl_havana
mouse	mouse	C	C	C	10	Hoxc10	ENSMUSG00000022484	ENSMUST00000001699	ENSMUSP00000001699	1	15	102875293	102876043	+	0	ensembl_havana
mouse	mouse	C	C	C	10	Hoxc10	ENSMUSG00000022484	ENSMUST00000001699	ENSMUSP00000001699	2	15	102879233	102879507	+	2	ensembl_havana
mouse	mouse	C	C	C	9	Hoxc9	ENSMUSG00000036139	ENSMUST00000403677	ENSMUSP00000182040	1	15	102890085	102890622	+	0	havana_tagene
mouse	mouse	C	C	C	9	Hoxc9	ENSMUSG00000036139	ENSMUST00000403677	ENSMUSP00000182040	2	15	102892327	102892568	+	2	havana_tagene
mouse	mouse	C	C	C	8	Hoxc8	ENSMUSG00000001657	ENSMUST00000001703	ENSMUSP00000001703	1	15	102899212	102899647	+	0	ensembl_havana
mouse	mouse	C	C	C	8	Hoxc8	ENSMUSG00000001657	ENSMUST00000001703	ENSMUSP00000001703	2	15	102900995	102901284	+	2	ensembl_havana
mouse	mouse	C	C	C	6	Hoxc6	ENSMUSG00000001661	ENSMUST00000001711	ENSMUSP00000001711	1	15	102918038	102918437	+	0	ensembl_havana
mouse	mouse	C	C	C	6	Hoxc6	ENSMUSG00000001661	ENSMUST00000001711	ENSMUSP00000001711	2	15	102919166	102919470	+	2	ensembl_havana
mouse	mouse	C	C	C	5	Hoxc5	ENSMUSG00000022485	ENSMUST00000001709	ENSMUSP00000001709	1	15	102922514	102922967	+	0	ensembl_havana
mouse	mouse	C	C	C	5	Hoxc5	ENSMUSG00000022485	ENSMUST00000001709	ENSMUSP00000001709	2	15	102923660	102923871	+	2	ensembl_havana
mouse	mouse	C	C	C	4	Hoxc4	ENSMUSG00000075394	ENSMUST00000165375	ENSMUSP00000133561	1	15	102943149	102943587	+	0	havana
mouse	mouse	C	C	C	4	Hoxc4	ENSMUSG00000075394	ENSMUST00000165375	ENSMUSP00000133561	2	15	102943693	102943706	+	2	havana
mouse	mouse	D	D	D	13	Hoxd13	ENSMUSG00000001819	ENSMUST00000001872	ENSMUSP00000001872	1	2	74498654	74499422	+	0	ensembl_havana
mouse	mouse	D	D	D	13	Hoxd13	ENSMUSG00000001819	ENSMUST00000001872	ENSMUSP00000001872	2	2	74500230	74500477	+	2	ensembl_havana
mouse	mouse	D	D	D	12	Hoxd12	ENSMUSG00000001823	ENSMUST00000001878	ENSMUSP00000001878	1	2	74505431	74505998	+	0	ensembl_havana
mouse	mouse	D	D	D	12	Hoxd12	ENSMUSG00000001823	ENSMUST00000001878	ENSMUSP00000001878	2	2	74506158	74506393	+	2	ensembl_havana
mouse	mouse	D	D	D	11	Hoxd11	ENSMUSG00000042499	ENSMUST00000142312	ENSMUSP00000122582	1	2	74512737	74513511	+	0	ensembl_havana
mouse	mouse	D	D	D	11	Hoxd11	ENSMUSG00000042499	ENSMUST00000142312	ENSMUSP00000122582	2	2	74514247	74514479	+	2	ensembl_havana
mouse	mouse	D	D	D	10	Hoxd10	ENSMUSG00000050368	ENSMUST00000061745	ENSMUSP00000062412	1	2	74522324	74523068	+	0	ensembl_havana
mouse	mouse	D	D	D	10	Hoxd10	ENSMUSG00000050368	ENSMUST00000061745	ENSMUSP00000062412	2	2	74524435	74524709	+	2	ensembl_havana
mouse	mouse	D	D	D	9	Hoxd9	ENSMUSG00000043342	ENSMUST00000059272	ENSMUSP00000058490	1	2	74528400	74529177	+	0	ensembl_havana
mouse	mouse	D	D	D	9	Hoxd9	ENSMUSG00000043342	ENSMUST00000059272	ENSMUSP00000058490	2	2	74529524	74529762	+	2	ensembl_havana
mouse	mouse	D	D	D	8	Hoxd8	ENSMUSG00000027102	ENSMUST00000019749	ENSMUSP00000019749	1	2	74535892	74536462	+	0	ensembl_havana
mouse	mouse	D	D	D	8	Hoxd8	ENSMUSG00000027102	ENSMUST00000019749	ENSMUSP00000019749	2	2	74536858	74537153	+	2	ensembl_havana
mouse	mouse	D	D	D	4	Hoxd4	ENSMUSG00000101174	ENSMUST00000047904	ENSMUSP00000047949	1	2	74557623	74558049	+	0	ensembl
mouse	mouse	D	D	D	4	Hoxd4	ENSMUSG00000101174	ENSMUST00000047904	ENSMUSP00000047949	2	2	74558606	74558928	+	2	ensembl
mouse	mouse	D	D	D	3	Hoxd3	ENSMUSG00000079277	ENSMUST00000111983	ENSMUSP00000107614	1	2	74574356	74574899	+	0	ensembl_havana
mouse	mouse	D	D	D	3	Hoxd3	ENSMUSG00000079277	ENSMUST00000111983	ENSMUSP00000107614	2	2	74576666	74577420	+	2	ensembl_havana
mouse	mouse	D	D	D	1	Hoxd1	ENSMUSG00000042448	ENSMUST00000047793	ENSMUSP00000043078	1	2	74593446	74594097	+	0	ensembl_havana
mouse	mouse	D	D	D	1	Hoxd1	ENSMUSG00000042448	ENSMUST00000047793	ENSMUSP00000043078	2	2	74594399	74594730	+	2	ensembl_havana
chicken	chicken	A	A	A	13	HOXA13	ENSGALG00010001321	ENSGALT00010003054	ENSGALP00010001583	1	2	32584734	32585406	-	0	ensembl
chicken	chicken	A	A	A	13	HOXA13	ENSGALG00010001321	ENSGALT00010003054	ENSGALP00010001583	2	2	32583978	32584219	-	2	ensembl
chicken	chicken	A	A	A	11	HOXA11	ENSGALG00010001848	ENSGALT00010004201	ENSGALP00010002498	1	2	32568618	32569278	-	0	ensembl
chicken	chicken	A	A	A	11	HOXA11	ENSGALG00010001848	ENSGALT00010004201	ENSGALP00010002498	2	2	32567047	32567276	-	2	ensembl
chicken	chicken	A	A	A	10	HOXA10	ENSGALG00010001844	ENSGALT00010004197	ENSGALP00010002494	1	2	32557097	32557916	-	0	ensembl
chicken	chicken	A	A	A	10	HOXA10	ENSGALG00010001844	ENSGALT00010004197	ENSGALP00010002494	2	2	32555477	32555748	-	2	ensembl
chicken	chicken	A	A	A	9	HOXA9	ENSGALG00010001840	ENSGALT00010004190	ENSGALP00010002487	1	2	32548569	32549112	-	0	ensembl
chicken	chicken	A	A	A	9	HOXA9	ENSGALG00010001840	ENSGALT00010004190	ENSGALP00010002487	2	2	32547372	32547607	-	2	ensembl
chicken	chicken	A	A	A	7	HOXA7	ENSGALG00010001826	ENSGALT00010004159	ENSGALP00010002456	1	2	32542128	32542394	-	0	ensembl
chicken	chicken	A	A	A	7	HOXA7	ENSGALG00010001826	ENSGALT00010004159	ENSGALP00010002456	2	2	32540051	32540168	-	0	ensembl
chicken	chicken	A	A	A	7	HOXA7	ENSGALG00010001826	ENSGALT00010004159	ENSGALP00010002456	3	2	32538657	32538937	-	2	ensembl
chicken	chicken	A	A	A	6	HOXA6	ENSGALG00010001819	ENSGALT00010004135	ENSGALP00010002432	1	2	32531451	32531886	-	0	ensembl
chicken	chicken	A	A	A	6	HOXA6	ENSGALG00010001819	ENSGALT00010004135	ENSGALP00010002432	2	2	32529995	32530251	-	2	ensembl
chicken	chicken	A	A	A	5	HOXA5	ENSGALG00010001813	ENSGALT00010004128	ENSGALP00010002425	1	2	32527319	32527880	-	0	ensembl
chicken	chicken	A	A	A	5	HOXA5	ENSGALG00010001813	ENSGALT00010004128	ENSGALP00010002425	2	2	32526201	32526448	-	2	ensembl
chicken	chicken	A	A	A	4	HOXA4	ENSGALG00010001808	ENSGALT00010004119	ENSGALP00010002416	1	2	32513712	32514309	-	0	ensembl
chicken	chicken	A	A	A	4	HOXA4	ENSGALG00010001808	ENSGALT00010004119	ENSGALP00010002416	2	2	32512890	32513218	-	2	ensembl
chicken	chicken	A	A	A	3	HOXA3	ENSGALG00010001801	ENSGALT00010004101	ENSGALP00010002398	1	2	32494955	32495426	-	0	ensembl
chicken	chicken	A	A	A	3	HOXA3	ENSGALG00010001801	ENSGALT00010004101	ENSGALP00010002398	2	2	32492813	32493579	-	2	ensembl
chicken	chicken	A	A	A	2	HOXA2	ENSGALG00010001790	ENSGALT00010004079	ENSGALP00010002376	1	2	32487289	32487670	-	0	ensembl
chicken	chicken	A	A	A	2	HOXA2	ENSGALG00010001790	ENSGALT00010004079	ENSGALP00010002376	2	2	32485946	32486688	-	2	ensembl
chicken	chicken	A	A	A	1	HOXA1	ENSGALG00010001788	ENSGALT00010004070	ENSGALP00010002367	1	2	32480952	32481558	-	0	ensembl
chicken	chicken	A	A	A	1	HOXA1	ENSGALG00010001788	ENSGALT00010004070	ENSGALP00010002367	2	2	32480230	32480582	-	2	ensembl
chicken	chicken	B	B	B	13	HOXB13	ENSGALG00010026052	ENSGALT00010063516	ENSGALP00010039208	1	27	3350930	3351512	+	0	ensembl
chicken	chicken	B	B	B	13	HOXB13	ENSGALG00010026052	ENSGALT00010063516	ENSGALP00010039208	2	27	3352267	3352520	+	2	ensembl
chicken	chicken	B	B	B	9	HOXB9	ENSGALG00010026782	ENSGALT00010064966	ENSGALP00010039674	1	27	3389884	3390391	+	0	ensembl
chicken	chicken	B	B	B	9	HOXB9	ENSGALG00010026782	ENSGALT00010064966	ENSGALP00010039674	2	27	3393648	3393880	+	2	ensembl
chicken	chicken	B	B	B	8	HOXB8	ENSGALG00010021446	ENSGALT00010052000	ENSGALP00010031038	1	27	3402900	3403320	+	0	ensembl
chicken	chicken	B	B	B	8	HOXB8	ENSGALG00010021446	ENSGALT00010052000	ENSGALP00010031038	2	27	3404152	3404453	+	2	ensembl
chicken	chicken	B	B	B	7	HOXB7	ENSGALG00010023381	ENSGALT00010056984	ENSGALP00010034652	1	27	3407029	3407428	+	0	ensembl
chicken	chicken	B	B	B	7	HOXB7	ENSGALG00010023381	ENSGALT00010056984	ENSGALP00010034652	2	27	3410041	3410291	+	2	ensembl
chicken	chicken	B	B	B	6	HOXB6	ENSGALG00010023383	ENSGALT00010056993	ENSGALP00010034659	1	27	3420605	3421013	+	0	ensembl
chicken	chicken	B	B	B	6	HOXB6	ENSGALG00010023383	ENSGALT00010056993	ENSGALP00010034659	2	27	3422308	3422564	+	2	ensembl
chicken	chicken	B	B	B	5	HOXB5	ENSGALG00010023394	ENSGALT00010057020	ENSGALP00010034679	1	27	3425779	3426325	+	0	ensembl
chicken	chicken	B	B	B	5	HOXB5	ENSGALG00010023394	ENSGALT00010057020	ENSGALP00010034679	2	27	3427304	3427548	+	2	ensembl
chicken	chicken	B	B	B	4	HOXB4	ENSGALG00010023415	ENSGALT00010057082	ENSGALP00010034719	1	27	3439537	3439596	+	0	ensembl
chicken	chicken	B	B	B	4	HOXB4	ENSGALG00010023415	ENSGALT00010057082	ENSGALP00010034719	2	27	3443206	3443578	+	0	ensembl
chicken	chicken	B	B	B	4	HOXB4	ENSGALG00010023415	ENSGALT00010057082	ENSGALP00010034719	3	27	3444362	3444675	+	2	ensembl
chicken	chicken	B	B	B	3	HOXB3	ENSGALG00010023428	ENSGALT00010057098	ENSGALP00010034731	1	27	3468940	3469375	+	0	ensembl
chicken	chicken	B	B	B	3	HOXB3	ENSGALG00010023428	ENSGALT00010057098	ENSGALP00010034731	2	27	3470425	3471185	+	2	ensembl
chicken	chicken	B	B	B	2	HOXB2	ENSGALG00010023438	ENSGALT00010057108	ENSGALP00010034739	1	27	3477004	3477391	+	0	ensembl
chicken	chicken	B	B	B	2	HOXB2	ENSGALG00010023438	ENSGALT00010057108	ENSGALP00010034739	2	27	3478633	3479213	+	2	ensembl
chicken	chicken	B	B	B	1	HOXB1	ENSGALG00010023454	ENSGALT00010057143	ENSGALP00010034759	1	27	3487403	3488009	+	0	ensembl
chicken	chicken	B	B	B	1	HOXB1	ENSGALG00010023454	ENSGALT00010057143	ENSGALP00010034759	2	27	3488715	3489037	+	2	ensembl
chicken	chicken	C	C	C	13	HOXC13	ENSGALG00010025397	ENSGALT00010062008	ENSGALP00010038297	1	34	908737	909367	-	0	ensembl
chicken	chicken	C	C	C	13	HOXC13	ENSGALG00010025397	ENSGALT00010062008	ENSGALP00010038297	2	34	906478	906731	-	2	ensembl
chicken	chicken	C	C	C	12	HOXC12	ENSGALG00010025552	ENSGALT00010062330	ENSGALP00010038529	1	34	895904	896468	-	0	ensembl
chicken	chicken	C	C	C	12	HOXC12	ENSGALG00010025552	ENSGALT00010062330	ENSGALP00010038529	2	34	894787	895022	-	2	ensembl
chicken	chicken	C	C	C	11	HOXC11	ENSGALG00010025719	ENSGALT00010062760	ENSGALP00010038788	1	34	875475	876144	-	0	ensembl
chicken	chicken	C	C	C	11	HOXC11	ENSGALG00010025719	ENSGALT00010062760	ENSGALP00010038788	2	34	873908	874137	-	2	ensembl
chicken	chicken	C	C	C	10	HOXC10	ENSGALG00010025964	ENSGALT00010063303	ENSGALP00010039076	1	34	861973	862759	-	0	ensembl
chicken	chicken	C	C	C	10	HOXC10	ENSGALG00010025964	ENSGALT00010063303	ENSGALP00010039076	2	34	858738	859012	-	2	ensembl
chicken	chicken	C	C	C	9	HOXC9	ENSGALG00010025958	ENSGALT00010063289	ENSGALP00010039067	1	34	846834	847377	-	0	ensembl
chicken	chicken	C	C	C	9	HOXC9	ENSGALG00010025958	ENSGALT00010063289	ENSGALP00010039067	2	34	844542	844783	-	2	ensembl
chicken	chicken	C	C	C	8	HOXC8	ENSGALG00010025708	ENSGALT00010062742	ENSGALP00010038783	1	34	835464	835899	-	0	ensembl
chicken	chicken	C	C	C	8	HOXC8	ENSGALG00010025708	ENSGALT00010062742	ENSGALP00010038783	2	34	833338	833513	-	2	ensembl
chicken	chicken	C	C	C	8	HOXC8	ENSGALG00010025708	ENSGALT00010062742	ENSGALP00010038783	3	34	833223	833336	-	0	ensembl
chicken	chicken	D	D	D	13	HOXD13	ENSGALG00010024790	ENSGALT00010060513	ENSGALP00010037272	1	7	15949263	15949923	-	0	ensembl
chicken	chicken	D	D	D	13	HOXD13	ENSGALG00010024790	ENSGALT00010060513	ENSGALP00010037272	2	7	15948435	15948682	-	2	ensembl
chicken	chicken	D	D	D	12	HOXD12	ENSGALG00010024782	ENSGALT00010060498	ENSGALP00010037256	1	7	15942731	15943292	-	0	ensembl
chicken	chicken	D	D	D	12	HOXD12	ENSGALG00010024782	ENSGALT00010060498	ENSGALP00010037256	2	7	15942224	15942459	-	2	ensembl
chicken	chicken	D	D	D	11	HOXD11	ENSGALG00010024780	ENSGALT00010060493	ENSGALP00010037252	1	7	15935880	15936486	-	0	ensembl
chicken	chicken	D	D	D	11	HOXD11	ENSGALG00010024780	ENSGALT00010060493	ENSGALP00010037252	2	7	15935048	15935277	-	2	ensembl
chicken	chicken	D	D	D	10	HOXD10	ENSGALG00010026746	ENSGALT00010064884	ENSGALP00010039649	1	7	15926706	15927447	-	0	ensembl
chicken	chicken	D	D	D	10	HOXD10	ENSGALG00010026746	ENSGALT00010064884	ENSGALP00010039649	2	7	15922773	15922993	-	2	ensembl
chicken	chicken	D	D	D	9	HOXD9	ENSGALG00010024763	ENSGALT00010060450	ENSGALP00010037208	1	7	15920601	15921258	-	0	ensembl
chicken	chicken	D	D	D	9	HOXD9	ENSGALG00010024763	ENSGALT00010060450	ENSGALP00010037208	2	7	15919965	15920203	-	2	ensembl
chicken	chicken	D	D	D	8	HOXD8	ENSGALG00010024753	ENSGALT00010060426	ENSGALP00010037185	1	7	15915981	15916085	-	0	ensembl
chicken	chicken	D	D	D	8	HOXD8	ENSGALG00010024753	ENSGALT00010060426	ENSGALP00010037185	2	7	15914822	15914969	-	0	ensembl
chicken	chicken	D	D	D	8	HOXD8	ENSGALG00010024753	ENSGALT00010060426	ENSGALP00010037185	3	7	15914090	15914382	-	2	ensembl
chicken	chicken	D	D	D	4	HOXD4	ENSGALG00010024746	ENSGALT00010060408	ENSGALP00010037167	1	7	15899855	15900263	-	0	ensembl
chicken	chicken	D	D	D	4	HOXD4	ENSGALG00010024746	ENSGALT00010060408	ENSGALP00010037167	2	7	15899255	15899556	-	2	ensembl
chicken	chicken	D	D	D	3	HOXD3	ENSGALG00010024724	ENSGALT00010060354	ENSGALP00010037113	1	7	15886067	15886559	-	0	ensembl
chicken	chicken	D	D	D	3	HOXD3	ENSGALG00010024724	ENSGALT00010060354	ENSGALP00010037113	2	7	15885001	15885746	-	2	ensembl
gar	gar	A	A	A	13	hoxa13b	ENSLOCG00000011842	ENSLOCT00000014591	ENSLOCP00000014562	1	LG11	41168002	41168644	-	0	ensembl
gar	gar	A	A	A	13	hoxa13b	ENSLOCG00000011842	ENSLOCT00000014591	ENSLOCP00000014562	2	LG11	41167340	41167581	-	2	ensembl
gar	gar	A	A	A	11	hoxa11a	ENSLOCG00000011836	ENSLOCT00000014583	ENSLOCP00000014554	1	LG11	41152357	41152969	-	0	ensembl
gar	gar	A	A	A	11	hoxa11a	ENSLOCG00000011836	ENSLOCT00000014583	ENSLOCP00000014554	2	LG11	41151171	41151400	-	2	ensembl
gar	gar	A	A	A	10	hoxa10b	ENSLOCG00000011830	ENSLOCT00000014576	ENSLOCP00000014547	1	LG11	41144664	41145435	-	0	ensembl
gar	gar	A	A	A	10	hoxa10b	ENSLOCG00000011830	ENSLOCT00000014576	ENSLOCP00000014547	2	LG11	41143483	41143757	-	2	ensembl
gar	gar	A	A	A	5	hoxa5a	ENSLOCG00000011819	ENSLOCT00000014559	ENSLOCP00000014530	1	LG11	41121400	41121964	-	0	ensembl
gar	gar	A	A	A	5	hoxa5a	ENSLOCG00000011819	ENSLOCT00000014559	ENSLOCP00000014530	2	LG11	41120391	41120638	-	2	ensembl
gar	gar	A	A	A	3	hoxa3a	ENSLOCG00000011801	ENSLOCT00000014553	ENSLOCP00000014524	1	LG11	41095217	41095715	-	0	ensembl
gar	gar	A	A	A	3	hoxa3a	ENSLOCG00000011801	ENSLOCT00000014553	ENSLOCP00000014524	2	LG11	41092362	41093143	-	2	ensembl
gar	gar	A	A	A	1	hoxa1a	ENSLOCG00000011798	ENSLOCT00000014534	ENSLOCP00000014505	1	LG11	41081207	41081825	-	0	ensembl
gar	gar	A	A	A	1	hoxa1a	ENSLOCG00000011798	ENSLOCT00000014534	ENSLOCP00000014505	2	LG11	41080532	41080881	-	2	ensembl
gar	gar	B	B	B	13	hoxb13a	ENSLOCG00000013457	ENSLOCT00000016621	ENSLOCP00000016590	1	LG15	9279103	9279778	-	0	ensembl
gar	gar	B	B	B	13	hoxb13a	ENSLOCG00000013457	ENSLOCT00000016621	ENSLOCP00000016590	2	LG15	9278375	9278619	-	2	ensembl
gar	gar	B	B	B	10	hoxb10a	ENSLOCG00000013455	ENSLOCT00000016617	ENSLOCP00000016587	1	LG15	9249894	9250527	-	0	ensembl
gar	gar	B	B	B	10	hoxb10a	ENSLOCG00000013455	ENSLOCT00000016617	ENSLOCP00000016587	2	LG15	9247542	9247813	-	2	ensembl
gar	gar	B	B	B	9	hoxb9a	ENSLOCG00000013453	ENSLOCT00000016614	ENSLOCP00000016584	1	LG15	9238613	9239126	-	0	ensembl
gar	gar	B	B	B	9	hoxb9a	ENSLOCG00000013453	ENSLOCT00000016614	ENSLOCP00000016584	2	LG15	9235161	9235393	-	2	ensembl
gar	gar	B	B	B	8	hoxb8b	ENSLOCG00000013451	ENSLOCT00000016611	ENSLOCP00000016581	1	LG15	9227199	9227622	-	0	ensembl
gar	gar	B	B	B	8	hoxb8b	ENSLOCG00000013451	ENSLOCT00000016611	ENSLOCP00000016581	2	LG15	9226271	9226581	-	2	ensembl
gar	gar	B	B	B	7	hoxb7a	ENSLOCG00000013448	ENSLOCT00000016609	ENSLOCP00000016579	1	LG15	9223640	9224048	-	0	ensembl
gar	gar	B	B	B	7	hoxb7a	ENSLOCG00000013448	ENSLOCT00000016609	ENSLOCP00000016579	2	LG15	9219774	9220030	-	2	ensembl
gar	gar	B	B	B	6	hoxb6a	ENSLOCG00000013443	ENSLOCT00000016606	ENSLOCP00000016576	1	LG15	9209700	9210126	-	0	ensembl
gar	gar	B	B	B	6	hoxb6a	ENSLOCG00000013443	ENSLOCT00000016606	ENSLOCP00000016576	2	LG15	9208081	9208337	-	2	ensembl
gar	gar	B	B	B	5	hoxb5a	ENSLOCG00000013440	ENSLOCT00000016601	ENSLOCP00000016571	1	LG15	9204645	9205242	-	0	ensembl
gar	gar	B	B	B	5	hoxb5a	ENSLOCG00000013440	ENSLOCT00000016601	ENSLOCP00000016571	2	LG15	9203667	9203911	-	2	ensembl
gar	gar	B	B	B	3	hoxb3a	ENSLOCG00000013436	ENSLOCT00000016597	ENSLOCP00000016567	1	LG15	9161408	9161870	-	0	ensembl
gar	gar	B	B	B	3	hoxb3a	ENSLOCG00000013436	ENSLOCT00000016597	ENSLOCP00000016567	2	LG15	9159548	9160299	-	2	ensembl
gar	gar	B	B	B	1	HOXB1	ENSLOCG00000013432	ENSLOCT00000016589	ENSLOCP00000016561	1	LG15	9137840	9138449	-	0	ensembl
gar	gar	B	B	B	1	HOXB1	ENSLOCG00000013432	ENSLOCT00000016589	ENSLOCP00000016561	2	LG15	9136492	9136814	-	2	ensembl
gar	gar	C	C	C	13	hoxc13b	ENSLOCG00000006295	ENSLOCT00000007611	ENSLOCP00000007602	1	LG4	15782671	15783334	+	0	ensembl
gar	gar	C	C	C	13	hoxc13b	ENSLOCG00000006295	ENSLOCT00000007611	ENSLOCP00000007602	2	LG4	15787897	15788153	+	2	ensembl
gar	gar	C	C	C	12	hoxc12a	ENSLOCG00000006304	ENSLOCT00000007621	ENSLOCP00000007612	1	LG4	15802629	15803226	+	0	ensembl
gar	gar	C	C	C	12	hoxc12a	ENSLOCG00000006304	ENSLOCT00000007621	ENSLOCP00000007612	2	LG4	15804475	15804710	+	2	ensembl
gar	gar	C	C	C	11	hoxc11a	ENSLOCG00000006316	ENSLOCT00000007649	ENSLOCP00000007640	1	LG4	15825406	15825969	+	0	ensembl
gar	gar	C	C	C	11	hoxc11a	ENSLOCG00000006316	ENSLOCT00000007649	ENSLOCP00000007640	2	LG4	15828973	15828993	+	0	ensembl
gar	gar	C	C	C	11	hoxc11a	ENSLOCG00000006316	ENSLOCT00000007649	ENSLOCP00000007640	3	LG4	15834787	15834801	+	0	ensembl
gar	gar	C	C	C	11	hoxc11a	ENSLOCG00000006316	ENSLOCT00000007649	ENSLOCP00000007640	4	LG4	15838812	15839631	+	0	ensembl
gar	gar	C	C	C	11	hoxc11a	ENSLOCG00000006316	ENSLOCT00000007649	ENSLOCP00000007640	5	LG4	15843614	15843888	+	2	ensembl
gar	gar	C	C	C	5	hoxc5a	ENSLOCG00000006365	ENSLOCT00000007689	ENSLOCP00000007680	1	LG4	15904039	15904558	+	0	ensembl
gar	gar	C	C	C	5	hoxc5a	ENSLOCG00000006365	ENSLOCT00000007689	ENSLOCP00000007680	2	LG4	15905546	15905757	+	2	ensembl
gar	gar	C	C	C	4	hoxc4a	ENSLOCG00000006379	ENSLOCT00000007709	ENSLOCP00000007700	1	LG4	15935827	15936276	+	0	ensembl
gar	gar	C	C	C	4	hoxc4a	ENSLOCG00000006379	ENSLOCT00000007709	ENSLOCP00000007700	2	LG4	15936504	15936507	+	0	ensembl
gar	gar	C	C	C	4	hoxc4a	ENSLOCG00000006379	ENSLOCT00000007709	ENSLOCP00000007700	3	LG4	15936866	15937260	+	2	ensembl
gar	gar	C	C	C	3	hoxc3	ENSLOCG00000006407	ENSLOCT00000007748	ENSLOCP00000007739	1	LG4	15971868	15972315	+	0	ensembl
gar	gar	C	C	C	3	hoxc3	ENSLOCG00000006407	ENSLOCT00000007748	ENSLOCP00000007739	2	LG4	15981245	15981996	+	2	ensembl
gar	gar	D	D	D	13	HOXD13	ENSLOCG00000007161	ENSLOCT00000008672	ENSLOCP00000008662	1	LG12	15586674	15587283	-	0	ensembl
gar	gar	D	D	D	13	HOXD13	ENSLOCG00000007161	ENSLOCT00000008672	ENSLOCP00000008662	2	LG12	15585332	15585585	-	2	ensembl
gar	gar	D	D	D	12	hoxd12a	ENSLOCG00000007146	ENSLOCT00000008661	ENSLOCP00000008651	1	LG12	15580395	15580968	-	0	ensembl
gar	gar	D	D	D	12	hoxd12a	ENSLOCG00000007146	ENSLOCT00000008661	ENSLOCP00000008651	2	LG12	15579869	15580104	-	2	ensembl
gar	gar	D	D	D	11	hoxd11a	ENSLOCG00000007133	ENSLOCT00000008642	ENSLOCP00000008632	1	LG12	15573806	15574496	-	0	ensembl
gar	gar	D	D	D	11	hoxd11a	ENSLOCG00000007133	ENSLOCT00000008642	ENSLOCP00000008632	2	LG12	15572996	15573225	-	2	ensembl
gar	gar	D	D	D	10	hoxd10a	ENSLOCG00000007118	ENSLOCT00000008627	ENSLOCP00000008617	1	LG12	15566565	15567303	-	0	ensembl
gar	gar	D	D	D	10	hoxd10a	ENSLOCG00000007118	ENSLOCT00000008627	ENSLOCP00000008617	2	LG12	15565219	15565490	-	2	ensembl
gar	gar	D	D	D	9	hoxd9a	ENSLOCG00000007106	ENSLOCT00000008613	ENSLOCP00000008603	1	LG12	15561015	15561564	-	0	ensembl
gar	gar	D	D	D	9	hoxd9a	ENSLOCG00000007106	ENSLOCT00000008613	ENSLOCP00000008603	2	LG12	15560435	15560676	-	2	ensembl
gar	gar	D	D	D	8	hoxd8	ENSLOCG00000007085	ENSLOCT00000008589	ENSLOCP00000008579	1	LG12	15555397	15555850	-	0	ensembl
gar	gar	D	D	D	8	hoxd8	ENSLOCG00000007085	ENSLOCT00000008589	ENSLOCP00000008579	2	LG12	15554888	15555165	-	2	ensembl
gar	gar	D	D	D	4	hoxd4a	ENSLOCG00000007074	ENSLOCT00000008571	ENSLOCP00000008561	1	LG12	15543047	15543515	-	0	ensembl
gar	gar	D	D	D	4	hoxd4a	ENSLOCG00000007074	ENSLOCT00000008571	ENSLOCP00000008561	2	LG12	15542334	15542632	-	2	ensembl
gar	gar	D	D	D	3	hoxd3a	ENSLOCG00000007043	ENSLOCT00000008533	ENSLOCP00000008523	1	LG12	15527223	15527658	-	0	ensembl
gar	gar	D	D	D	3	hoxd3a	ENSLOCG00000007043	ENSLOCT00000008533	ENSLOCP00000008523	2	LG12	15525111	15525856	-	2	ensembl
gar	gar	D	D	D	2	hoxd2	ENSLOCG00000007028	ENSLOCT00000008519	ENSLOCP00000008509	1	LG12	15522722	15523067	-	0	ensembl
gar	gar	D	D	D	2	hoxd2	ENSLOCG00000007028	ENSLOCT00000008519	ENSLOCP00000008509	2	LG12	15521772	15522415	-	2	ensembl
gar	gar	D	D	D	1	hoxd1	ENSLOCG00000007019	ENSLOCT00000008504	ENSLOCP00000008494	1	LG12	15517019	15517571	-	0	ensembl
gar	gar	D	D	D	1	hoxd1	ENSLOCG00000007019	ENSLOCT00000008504	ENSLOCP00000008494	2	LG12	15516500	15516825	-	2	ensembl
zebrafish	zebrafish_a	A	A	AA	13	hoxa13a	ENSDARG00000100312	ENSDART00000171610	ENSDARP00000135830	1	19	19729608	19730292	+	0	ensembl_havana
zebrafish	zebrafish_a	A	A	AA	13	hoxa13a	ENSDARG00000100312	ENSDART00000171610	ENSDARP00000135830	2	19	19730410	19730654	+	2	ensembl_havana
zebrafish	zebrafish_a	A	A	AA	11	hoxa11a	ENSDARG00000104162	ENSDART00000160283	ENSDARP00000131862	1	19	19737300	19737921	+	0	ensembl_havana
zebrafish	zebrafish_a	A	A	AA	11	hoxa11a	ENSDARG00000104162	ENSDART00000160283	ENSDARP00000131862	2	19	19738635	19738864	+	2	ensembl_havana
zebrafish	zebrafish_a	A	A	AA	9	hoxa9a	ENSDARG00000105013	ENSDART00000166129	ENSDARP00000139889	1	19	19750178	19750691	+	0	havana
zebrafish	zebrafish_a	A	A	AA	9	hoxa9a	ENSDARG00000105013	ENSDART00000166129	ENSDARP00000139889	2	19	19750985	19751220	+	2	havana
zebrafish	zebrafish_a	A	A	AA	5	hoxa5a	ENSDARG00000102501	ENSDART00000169480	ENSDARP00000133102	1	19	19759582	19760128	+	0	ensembl_havana
zebrafish	zebrafish_a	A	A	AA	5	hoxa5a	ENSDARG00000102501	ENSDART00000169480	ENSDARP00000133102	2	19	19760636	19760883	+	2	ensembl_havana
zebrafish	zebrafish_a	A	A	AA	4	hoxa4a	ENSDARG00000100358	ENSDART00000170697	ENSDARP00000137315	1	19	19750223	19750691	+	0	havana
zebrafish	zebrafish_a	A	A	AA	4	hoxa4a	ENSDARG00000100358	ENSDART00000170697	ENSDARP00000137315	2	19	19762203	19762219	+	2	havana
zebrafish	zebrafish_a	A	A	AA	3	hoxa3a	ENSDARG00000103862	ENSDART00000167606	ENSDARP00000139163	1	19	19777687	19777710	+	0	havana
zebrafish	zebrafish_a	A	A	AA	1	hoxa1a	ENSDARG00000104307	ENSDART00000167757	ENSDARP00000133272	1	19	19786213	19786852	+	0	ensembl_havana
zebrafish	zebrafish_a	A	A	AA	1	hoxa1a	ENSDARG00000104307	ENSDART00000167757	ENSDARP00000133272	2	19	19787048	19787394	+	2	ensembl_havana
zebrafish	zebrafish_a	B	B	BA	13	hoxb13a	ENSDARG00000056015	ENSDART00000078428	ENSDARP00000072890	1	3	23654327	23654990	+	0	ensembl_havana
zebrafish	zebrafish_a	B	B	BA	13	hoxb13a	ENSDARG00000056015	ENSDART00000078428	ENSDARP00000072890	2	3	23655423	23655667	+	2	ensembl_havana
zebrafish	zebrafish_a	B	B	BA	10	hoxb10a	ENSDARG00000011579	ENSDART00000111227	ENSDARP00000099793	1	3	23669317	23669689	+	0	ensembl_havana
zebrafish	zebrafish_a	B	B	BA	10	hoxb10a	ENSDARG00000011579	ENSDART00000111227	ENSDARP00000099793	2	3	23670870	23671138	+	2	ensembl_havana
zebrafish	zebrafish_a	B	B	BA	9	hoxb9a	ENSDARG00000056023	ENSDART00000023674	ENSDARP00000022169	1	3	23677501	23678014	+	0	ensembl_havana
zebrafish	zebrafish_a	B	B	BA	9	hoxb9a	ENSDARG00000056023	ENSDART00000023674	ENSDARP00000022169	2	3	23680524	23680756	+	2	ensembl_havana
zebrafish	zebrafish_a	B	B	BA	8	hoxb8a	ENSDARG00000056027	ENSDART00000046638	ENSDARP00000046637	1	3	23688288	23688711	+	0	ensembl_havana
zebrafish	zebrafish_a	B	B	BA	8	hoxb8a	ENSDARG00000056027	ENSDART00000046638	ENSDARP00000046637	2	3	23689468	23689778	+	2	ensembl_havana
zebrafish	zebrafish_a	B	B	BA	7	hoxb7a	ENSDARG00000056030	ENSDART00000078453	ENSDARP00000072915	1	3	23691847	23692270	+	0	ensembl_havana
zebrafish	zebrafish_a	B	B	BA	7	hoxb7a	ENSDARG00000056030	ENSDART00000078453	ENSDARP00000072915	2	3	23695502	23695758	+	2	ensembl_havana
zebrafish	zebrafish_a	B	B	BA	6	hoxb6a	ENSDARG00000010630	ENSDART00000024256	ENSDARP00000002263	1	3	23703704	23704133	+	0	ensembl_havana
zebrafish	zebrafish_a	B	B	BA	6	hoxb6a	ENSDARG00000010630	ENSDART00000024256	ENSDARP00000002263	2	3	23705188	23705441	+	2	ensembl_havana
zebrafish	zebrafish_a	B	B	BA	5	hoxb5a	ENSDARG00000013057	ENSDART00000025449	ENSDARP00000004270	1	3	23707787	23708366	+	0	ensembl_havana
zebrafish	zebrafish_a	B	B	BA	5	hoxb5a	ENSDARG00000013057	ENSDART00000025449	ENSDARP00000004270	2	3	23708982	23709226	+	2	ensembl_havana
zebrafish	zebrafish_a	B	B	BA	4	hoxb4a	ENSDARG00000013533	ENSDART00000151584	ENSDARP00000125694	1	3	23710939	23710939	+	0	ensembl_havana
zebrafish	zebrafish_a	B	B	BA	4	hoxb4a	ENSDARG00000013533	ENSDART00000151584	ENSDARP00000125694	2	3	23723172	23723485	+	2	ensembl_havana
zebrafish	zebrafish_a	B	B	BA	3	hoxb3a	ENSDARG00000029263	ENSDART00000184299	ENSDARP00000155326	1	3	23746135	23746627	+	0	ensembl
zebrafish	zebrafish_a	B	B	BA	3	hoxb3a	ENSDARG00000029263	ENSDART00000184299	ENSDARP00000155326	2	3	23747300	23748057	+	2	ensembl
zebrafish	zebrafish_a	B	B	BA	2	hoxb2a	ENSDARG00000000175	ENSDART00000146636	ENSDARP00000118498	1	3	23752216	23752711	+	0	ensembl_havana
zebrafish	zebrafish_a	B	B	BA	2	hoxb2a	ENSDARG00000000175	ENSDART00000146636	ENSDARP00000118498	2	3	23753562	23754292	+	2	ensembl_havana
zebrafish	zebrafish_a	B	B	BA	1	hoxb1a	ENSDARG00000008174	ENSDART00000110682	ENSDARP00000101854	1	3	23768937	23769570	+	0	ensembl_havana
zebrafish	zebrafish_a	B	B	BA	1	hoxb1a	ENSDARG00000008174	ENSDART00000110682	ENSDARP00000101854	2	3	23770309	23770622	+	2	ensembl_havana
zebrafish	zebrafish_a	C	C	CA	13	hoxc13a	ENSDARG00000070353	ENSDART00000103149	ENSDARP00000093923	1	23	36052978	36053641	+	0	ensembl_havana
zebrafish	zebrafish_a	C	C	CA	13	hoxc13a	ENSDARG00000070353	ENSDART00000103149	ENSDARP00000093923	2	23	36055423	36055676	+	2	ensembl_havana
zebrafish	zebrafish_a	C	C	CA	12	hoxc12a	ENSDARG00000070352	ENSDART00000103147	ENSDARP00000093921	1	23	36063599	36064184	+	0	ensembl_havana
zebrafish	zebrafish_a	C	C	CA	12	hoxc12a	ENSDARG00000070352	ENSDART00000103147	ENSDARP00000093921	2	23	36064944	36065179	+	2	ensembl_havana
zebrafish	zebrafish_a	C	C	CA	11	hoxc11a	ENSDARG00000070351	ENSDART00000133760	ENSDARP00000120202	1	23	36074909	36075600	+	0	havana
zebrafish	zebrafish_a	C	C	CA	11	hoxc11a	ENSDARG00000070351	ENSDART00000133760	ENSDARP00000120202	2	23	36076981	36077194	+	1	havana
zebrafish	zebrafish_a	C	C	CA	10	hoxc10a	ENSDARG00000070348	ENSDART00000184107	ENSDARP00000147493	1	23	36083617	36084355	+	0	ensembl
zebrafish	zebrafish_a	C	C	CA	10	hoxc10a	ENSDARG00000070348	ENSDART00000184107	ENSDARP00000147493	2	23	36086092	36086363	+	2	ensembl
zebrafish	zebrafish_a	C	C	CA	9	hoxc9a	ENSDARG00000092809	ENSDART00000127384	ENSDARP00000105244	1	23	36095339	36095906	+	0	ensembl_havana
zebrafish	zebrafish_a	C	C	CA	9	hoxc9a	ENSDARG00000092809	ENSDART00000127384	ENSDARP00000105244	2	23	36096966	36097207	+	2	ensembl_havana
zebrafish	zebrafish_a	C	C	CA	8	hoxc8a	ENSDARG00000070346	ENSDART00000103139	ENSDARP00000093913	1	23	36101447	36101882	+	0	ensembl_havana
zebrafish	zebrafish_a	C	C	CA	8	hoxc8a	ENSDARG00000070346	ENSDART00000103139	ENSDARP00000093913	2	23	36103148	36103461	+	2	ensembl_havana
zebrafish	zebrafish_a	C	C	CA	6	hoxc6a	ENSDARG00000070343	ENSDART00000130090	ENSDARP00000107797	1	23	36115541	36115874	+	0	ensembl_havana
zebrafish	zebrafish_a	C	C	CA	6	hoxc6a	ENSDARG00000070343	ENSDART00000130090	ENSDARP00000107797	2	23	36116485	36116774	+	2	ensembl_havana
zebrafish	zebrafish_a	C	C	CA	5	hoxc5a	ENSDARG00000070340	ENSDART00000139319	ENSDARP00000121862	1	23	36118798	36119224	+	0	ensembl_havana
zebrafish	zebrafish_a	C	C	CA	5	hoxc5a	ENSDARG00000070340	ENSDART00000139319	ENSDARP00000121862	2	23	36120043	36120254	+	2	ensembl_havana
zebrafish	zebrafish_a	C	C	CA	4	hoxc4a	ENSDARG00000070338	ENSDART00000103132	ENSDARP00000093906	1	23	36131063	36131495	+	0	ensembl_havana
zebrafish	zebrafish_a	C	C	CA	4	hoxc4a	ENSDARG00000070338	ENSDART00000103132	ENSDARP00000093906	2	23	36132016	36132386	+	2	ensembl_havana
zebrafish	zebrafish_a	C	C	CA	3	hoxc3a	ENSDARG00000070339	ENSDART00000154825	ENSDARP00000129398	1	23	36145038	36145193	+	0	ensembl_havana
zebrafish	zebrafish_a	C	C	CA	3	hoxc3a	ENSDARG00000070339	ENSDART00000154825	ENSDARP00000129398	2	23	36145384	36145651	+	0	ensembl_havana
zebrafish	zebrafish_a	C	C	CA	3	hoxc3a	ENSDARG00000070339	ENSDART00000154825	ENSDARP00000129398	3	23	36147701	36148048	+	2	ensembl_havana
zebrafish	zebrafish_a	C	C	CA	1	hoxc1a	ENSDARG00000070337	ENSDART00000103131	ENSDARP00000093905	1	23	36178104	36178668	+	0	ensembl_havana
zebrafish	zebrafish_a	C	C	CA	1	hoxc1a	ENSDARG00000070337	ENSDART00000103131	ENSDARP00000093905	2	23	36183154	36183494	+	2	ensembl_havana
zebrafish	zebrafish_a	D	D	DA	13	hoxd13a	ENSDARG00000059256	ENSDART00000082332	ENSDARP00000076768	1	9	1989703	1990240	-	0	ensembl_havana
zebrafish	zebrafish_a	D	D	DA	13	hoxd13a	ENSDARG00000059256	ENSDART00000082332	ENSDARP00000076768	2	9	1987652	1987881	-	2	ensembl_havana
zebrafish	zebrafish_a	D	D	DA	12	hoxd12a	ENSDARG00000059263	ENSDART00000142842	ENSDARP00000121699	1	9	1984031	1984580	-	0	havana
zebrafish	zebrafish_a	D	D	DA	12	hoxd12a	ENSDARG00000059263	ENSDART00000142842	ENSDARP00000121699	2	9	1982336	1982571	-	2	havana
zebrafish	zebrafish_a	D	D	DA	11	hoxd11a	ENSDARG00000059267	ENSDART00000082344	ENSDARP00000076780	1	9	1977396	1977993	-	0	ensembl_havana
zebrafish	zebrafish_a	D	D	DA	11	hoxd11a	ENSDARG00000059267	ENSDART00000082344	ENSDARP00000076780	2	9	1976303	1976532	-	2	ensembl_havana
zebrafish	zebrafish_a	D	D	DA	10	hoxd10a	ENSDARG00000057859	ENSDART00000080608	ENSDARP00000075055	1	9	1969210	1969933	-	0	ensembl_havana
zebrafish	zebrafish_a	D	D	DA	10	hoxd10a	ENSDARG00000057859	ENSDART00000080608	ENSDARP00000075055	2	9	1968223	1968494	-	2	ensembl_havana
zebrafish	zebrafish_a	D	D	DA	9	hoxd9a	ENSDARG00000059274	ENSDART00000082354	ENSDARP00000076790	1	9	1965090	1965636	-	0	ensembl_havana
zebrafish	zebrafish_a	D	D	DA	9	hoxd9a	ENSDARG00000059274	ENSDART00000082354	ENSDARP00000076790	2	9	1964535	1964773	-	2	ensembl_havana
zebrafish	zebrafish_a	D	D	DA	4	hoxd4a	ENSDARG00000059276	ENSDART00000082355	ENSDARP00000076791	1	9	1950308	1950776	-	0	ensembl_havana
zebrafish	zebrafish_a	D	D	DA	4	hoxd4a	ENSDARG00000059276	ENSDART00000082355	ENSDARP00000076791	2	9	1949617	1949915	-	2	ensembl_havana
zebrafish	zebrafish_a	D	D	DA	3	hoxd3a	ENSDARG00000059280	ENSDART00000082359	ENSDARP00000093704	1	9	1938649	1939090	-	0	ensembl
zebrafish	zebrafish_a	D	D	DA	3	hoxd3a	ENSDARG00000059280	ENSDART00000082359	ENSDARP00000093704	2	9	1937689	1938434	-	2	ensembl
zebrafish	zebrafish_b	A	A	AB	13	hoxa13b	ENSDARG00000036254	ENSDART00000052662	ENSDARP00000052661	1	16	20895953	20896580	+	0	ensembl_havana
zebrafish	zebrafish_b	A	A	AB	13	hoxa13b	ENSDARG00000036254	ENSDART00000052662	ENSDARP00000052661	2	16	20896968	20897206	+	2	ensembl_havana
zebrafish	zebrafish_b	A	A	AB	11	hoxa11b	ENSDARG00000007009	ENSDART00000006043	ENSDARP00000005174	1	16	20904884	20905502	+	0	ensembl_havana
zebrafish	zebrafish_b	A	A	AB	11	hoxa11b	ENSDARG00000007009	ENSDART00000006043	ENSDARP00000005174	2	16	20906250	20906479	+	2	ensembl_havana
zebrafish	zebrafish_b	A	A	AB	10	hoxa10b	ENSDARG00000031337	ENSDART00000046766	ENSDARP00000046765	1	16	20910224	20910938	+	0	ensembl_havana
zebrafish	zebrafish_b	A	A	AB	10	hoxa10b	ENSDARG00000031337	ENSDART00000046766	ENSDARP00000046765	2	16	20912108	20912382	+	2	ensembl_havana
zebrafish	zebrafish_b	A	A	AB	9	hoxa9b	ENSDARG00000056819	ENSDART00000079383	ENSDARP00000073839	1	16	20915441	20915963	+	0	ensembl_havana
zebrafish	zebrafish_b	A	A	AB	9	hoxa9b	ENSDARG00000056819	ENSDART00000079383	ENSDARP00000073839	2	16	20916735	20916970	+	2	ensembl_havana
zebrafish	zebrafish_b	A	A	AB	2	hoxa2b	ENSDARG00000023031	ENSDART00000009827	ENSDARP00000023072	1	16	20927126	20927486	+	0	ensembl_havana
zebrafish	zebrafish_b	A	A	AB	2	hoxa2b	ENSDARG00000023031	ENSDART00000009827	ENSDARP00000023072	2	16	20928084	20928811	+	2	ensembl_havana
zebrafish	zebrafish_b	B	B	BB	8	hoxb8b	ENSDARG00000054025	ENSDART00000076154	ENSDARP00000070632	1	12	27117816	27118239	+	0	ensembl_havana
zebrafish	zebrafish_b	B	B	BB	8	hoxb8b	ENSDARG00000054025	ENSDART00000076154	ENSDARP00000070632	2	12	27119714	27120030	+	2	ensembl_havana
zebrafish	zebrafish_b	B	B	BB	6	hoxb6b	ENSDARG00000026513	ENSDART00000025966	ENSDARP00000010277	1	12	27127184	27127604	+	0	ensembl_havana
zebrafish	zebrafish_b	B	B	BB	6	hoxb6b	ENSDARG00000026513	ENSDART00000025966	ENSDARP00000010277	2	12	27128041	27128291	+	2	ensembl_havana
zebrafish	zebrafish_b	B	B	BB	5	hoxb5b	ENSDARG00000054030	ENSDART00000076161	ENSDARP00000070639	1	12	27129756	27130338	+	0	ensembl_havana
zebrafish	zebrafish_b	B	B	BB	5	hoxb5b	ENSDARG00000054030	ENSDART00000076161	ENSDARP00000070639	2	12	27130790	27131034	+	2	ensembl_havana
zebrafish	zebrafish_b	B	B	BB	1	hoxb1b	ENSDARG00000054033	ENSDART00000136415	ENSDARP00000122259	1	12	27141748	27142102	+	0	ensembl_havana
zebrafish	zebrafish_b	B	B	BB	1	hoxb1b	ENSDARG00000054033	ENSDART00000136415	ENSDARP00000122259	2	12	27142192	27142523	+	2	ensembl_havana
zebrafish	zebrafish_b	C	C	CB	13	hoxc13b	ENSDARG00000113877	ENSDART00000182896	ENSDARP00000147440	1	11	2156430	2156988	+	0	ensembl
zebrafish	zebrafish_b	C	C	CB	13	hoxc13b	ENSDARG00000113877	ENSDART00000182896	ENSDARP00000147440	2	11	2158645	2158904	+	2	ensembl
zebrafish	zebrafish_b	C	C	CB	12	hoxc12b	ENSDARG00000103133	ENSDART00000170593	ENSDARP00000132869	1	11	2172335	2172947	+	0	ensembl
zebrafish	zebrafish_b	C	C	CB	12	hoxc12b	ENSDARG00000103133	ENSDART00000170593	ENSDARP00000132869	2	11	2173221	2173456	+	2	ensembl
zebrafish	zebrafish_b	C	C	CB	11	hoxc11b	ENSDARG00000102631	ENSDART00000186854	ENSDARP00000156809	1	11	2180072	2180759	+	0	ensembl
zebrafish	zebrafish_b	C	C	CB	11	hoxc11b	ENSDARG00000102631	ENSDART00000186854	ENSDARP00000156809	2	11	2181491	2181720	+	2	ensembl
zebrafish	zebrafish_b	C	C	CB	6	hoxc6b	ENSDARG00000101954	ENSDART00000160515	ENSDARP00000134791	1	11	2203082	2203421	+	0	ensembl
zebrafish	zebrafish_b	C	C	CB	6	hoxc6b	ENSDARG00000101954	ENSDART00000160515	ENSDARP00000134791	2	11	2203852	2204150	+	2	ensembl
amphioxus	amphioxus	A	ancestral	ancestral	15	Hox15	BL12289	BL12289_cuf1	BL12289_cuf1	1	Sc0000000	1808573	1809149	-	0	Ensembl
amphioxus	amphioxus	A	ancestral	ancestral	15	Hox15	BL12289	BL12289_cuf1	BL12289_cuf1	2	Sc0000000	1807857	1808143	-	2	Ensembl
amphioxus	amphioxus	A	ancestral	ancestral	14	Hox14	BL01409	BL01409_evm0	BL01409_evm0	1	Sc0000000	1816707	1816977	-	0	Ensembl
amphioxus	amphioxus	A	ancestral	ancestral	14	Hox14	BL01409	BL01409_evm0	BL01409_evm0	2	Sc0000000	1815967	1816307	-	2	Ensembl
amphioxus	amphioxus	A	ancestral	ancestral	12	Hox12	BL14546	BL14546_evm1	BL14546_evm1	1	Sc0000000	1925045	1925127	-	0	Ensembl
amphioxus	amphioxus	A	ancestral	ancestral	12	Hox12	BL14546	BL14546_evm1	BL14546_evm1	2	Sc0000000	1879312	1879387	-	1	Ensembl
amphioxus	amphioxus	A	ancestral	ancestral	11	Hox11	BL11265	BL11265_evm0	BL11265_evm0	1	Sc0000000	1932853	1933462	-	0	Ensembl
amphioxus	amphioxus	A	ancestral	ancestral	11	Hox11	BL11265	BL11265_evm0	BL11265_evm0	2	Sc0000000	1930281	1930461	-	2	Ensembl
amphioxus	amphioxus	A	ancestral	ancestral	10	Hox10	BL01497	BL01497_evm0	BL01497_evm0	1	Sc0000000	1941317	1941701	-	0	Ensembl
amphioxus	amphioxus	A	ancestral	ancestral	10	Hox10	BL01497	BL01497_evm0	BL01497_evm0	2	Sc0000000	1940648	1940943	-	2	Ensembl
amphioxus	amphioxus	A	ancestral	ancestral	9	Hox9	BL02690	BL02690_evm0	BL02690_evm0	1	Sc0000000	1981580	1982042	-	0	Ensembl
amphioxus	amphioxus	A	ancestral	ancestral	9	Hox9	BL02690	BL02690_evm0	BL02690_evm0	2	Sc0000000	1979966	1980210	-	2	Ensembl
amphioxus	amphioxus	A	ancestral	ancestral	8	Hox8	BL01142	BL01142_evm0	BL01142_evm0	1	Sc0000000	2001328	2001682	-	0	Ensembl
amphioxus	amphioxus	A	ancestral	ancestral	8	Hox8	BL01142	BL01142_evm0	BL01142_evm0	2	Sc0000000	1999279	1999541	-	2	Ensembl
amphioxus	amphioxus	A	ancestral	ancestral	7	Hox7	BL02747	BL02747_evm1	BL02747_evm1	1	Sc0000000	2088105	2088187	-	0	Ensembl
amphioxus	amphioxus	A	ancestral	ancestral	7	Hox7	BL02747	BL02747_evm1	BL02747_evm1	2	Sc0000000	2066080	2066150	-	1	Ensembl
amphioxus	amphioxus	A	ancestral	ancestral	7	Hox7	BL02747	BL02747_evm1	BL02747_evm1	3	Sc0000000	2035776	2035837	-	2	Ensembl
amphioxus	amphioxus	A	ancestral	ancestral	6	Hox6	BL02721	BL02721_evm0	BL02721_evm0	1	Sc0000000	2107274	2108002	-	0	Ensembl
amphioxus	amphioxus	A	ancestral	ancestral	5	Hox5	BL22794	BL22794_evm0	BL22794_evm0	1	Sc0000000	2147321	2147852	-	0	Ensembl
amphioxus	amphioxus	A	ancestral	ancestral	5	Hox5	BL22794	BL22794_evm0	BL22794_evm0	2	Sc0000000	2145242	2145402	-	2	Ensembl
amphioxus	amphioxus	A	ancestral	ancestral	5	Hox5	BL22794	BL22794_evm0	BL22794_evm0	3	Sc0000000	2145145	2145159	-	0	Ensembl
amphioxus	amphioxus	A	ancestral	ancestral	4	Hox4	BL01764	BL01764_evm0	BL01764_evm0	1	Sc0000000	2162750	2162957	-	0	Ensembl
amphioxus	amphioxus	A	ancestral	ancestral	4	Hox4	BL01764	BL01764_evm0	BL01764_evm0	2	Sc0000000	2161411	2161550	-	2	Ensembl
amphioxus	amphioxus	A	ancestral	ancestral	4	Hox4	BL01764	BL01764_evm0	BL01764_evm0	3	Sc0000000	2159526	2159657	-	0	Ensembl
amphioxus	amphioxus	A	ancestral	ancestral	3	Hox3	BL11259	BL11259_evm0	BL11259_evm0	1	Sc0000000	2171788	2172244	-	0	Ensembl
amphioxus	amphioxus	A	ancestral	ancestral	3	Hox3	BL11259	BL11259_evm0	BL11259_evm0	2	Sc0000000	2169415	2169641	-	2	Ensembl
amphioxus	amphioxus	A	ancestral	ancestral	2	Hox2	BL11262	BL11262_cuf5	BL11262_cuf5	1	Sc0000000	2222658	2223069	-	0	Ensembl
amphioxus	amphioxus	A	ancestral	ancestral	2	Hox2	BL11262	BL11262_cuf5	BL11262_cuf5	2	Sc0000000	2220644	2220927	-	2	Ensembl
amphioxus	amphioxus	A	ancestral	ancestral	1	Hox1	BL06042	BL06042_cuf1	BL06042_cuf1	1	Sc0000000	2305389	2305914	-	0	Ensembl
amphioxus	amphioxus	A	ancestral	ancestral	1	Hox1	BL06042	BL06042_cuf1	BL06042_cuf1	2	Sc0000000	2302444	2302754	-	2	Ensembl
