species	matrix_row	matrix_column	cluster_family	cluster	hox_number	slot	expected_status	inventory_reference
human	human	A	A	A	1	Hox1	expected_functional_member	Ensembl_116_curated_39_gene_complement
human	human	A	A	A	2	Hox2	expected_functional_member	Ensembl_116_curated_39_gene_complement
human	human	A	A	A	3	Hox3	expected_functional_member	Ensembl_116_curated_39_gene_complement
human	human	A	A	A	4	Hox4	expected_functional_member	Ensembl_116_curated_39_gene_complement
human	human	A	A	A	5	Hox5	expected_functional_member	Ensembl_116_curated_39_gene_complement
human	human	A	A	A	6	Hox6	expected_functional_member	Ensembl_116_curated_39_gene_complement
human	human	A	A	A	7	Hox7	expected_functional_member	Ensembl_116_curated_39_gene_complement
human	human	A	A	A	9	Hox9	expected_functional_member	Ensembl_116_curated_39_gene_complement
human	human	A	A	A	10	Hox10	expected_functional_member	Ensembl_116_curated_39_gene_complement
human	human	A	A	A	11	Hox11	expected_functional_member	Ensembl_116_curated_39_gene_complement
human	human	A	A	A	13	Hox13	expected_functional_member	Ensembl_116_curated_39_gene_complement
human	human	B	B	B	1	Hox1	expected_functional_member	Ensembl_116_curated_39_gene_complement
human	human	B	B	B	2	Hox2	expected_functional_member	Ensembl_116_curated_39_gene_complement
human	human	B	B	B	3	Hox3	expected_functional_member	Ensembl_116_curated_39_gene_complement
human	human	B	B	B	4	Hox4	expected_functional_member	Ensembl_116_curated_39_gene_complement
human	human	B	B	B	5	Hox5	expected_functional_member	Ensembl_116_curated_39_gene_complement
human	human	B	B	B	6	Hox6	expected_functional_member	Ensembl_116_curated_39_gene_complement
human	human	B	B	B	7	Hox7	expected_functional_member	Ensembl_116_curated_39_gene_complement
human	human	B	B	B	8	Hox8	expected_functional_member	Ensembl_116_curated_39_gene_complement
human	human	B	B	B	9	Hox9	expected_functional_member	Ensembl_116_curated_39_gene_complement
human	human	B	B	B	13	Hox13	expected_functional_member	Ensembl_116_curated_39_gene_complement
human	human	C	C	C	4	Hox4	expected_functional_member	Ensembl_116_curated_39_gene_complement
human	human	C	C	C	5	Hox5	expected_functional_member	Ensembl_116_curated_39_gene_complement
human	human	C	C	C	6	Hox6	expected_functional_member	Ensembl_116_curated_39_gene_complement
human	human	C	C	C	8	Hox8	expected_functional_member	Ensembl_116_curated_39_gene_complement
human	human	C	C	C	9	Hox9	expected_functional_member	Ensembl_116_curated_39_gene_complement
human	human	C	C	C	10	Hox10	expected_functional_member	Ensembl_116_curated_39_gene_complement
human	human	C	C	C	11	Hox11	expected_functional_member	Ensembl_116_curated_39_gene_complement
human	human	C	C	C	12	Hox12	expected_functional_member	Ensembl_116_curated_39_gene_complement
human	human	C	C	C	13	Hox13	expected_functional_member	Ensembl_116_curated_39_gene_complement
human	human	D	D	D	1	Hox1	expected_functional_member	Ensembl_116_curated_39_gene_complement
human	human	D	D	D	3	Hox3	expected_functional_member	Ensembl_116_curated_39_gene_complement
human	human	D	D	D	4	Hox4	expected_functional_member	Ensembl_116_curated_39_gene_complement
human	human	D	D	D	8	Hox8	expected_functional_member	Ensembl_116_curated_39_gene_complement
human	human	D	D	D	9	Hox9	expected_functional_member	Ensembl_116_curated_39_gene_complement
human	human	D	D	D	10	Hox10	expected_functional_member	Ensembl_116_curated_39_gene_complement
human	human	D	D	D	11	Hox11	expected_functional_member	Ensembl_116_curated_39_gene_complement
human	human	D	D	D	12	Hox12	expected_functional_member	Ensembl_116_curated_39_gene_complement
human	human	D	D	D	13	Hox13	expected_functional_member	Ensembl_116_curated_39_gene_complement
mouse	mouse	A	A	A	1	Hox1	expected_functional_member	Ensembl_116_curated_39_gene_complement
mouse	mouse	A	A	A	2	Hox2	expected_functional_member	Ensembl_116_curated_39_gene_complement
mouse	mouse	A	A	A	3	Hox3	expected_functional_member	Ensembl_116_curated_39_gene_complement
mouse	mouse	A	A	A	4	Hox4	expected_functional_member	Ensembl_116_curated_39_gene_complement
mouse	mouse	A	A	A	5	Hox5	expected_functional_member	Ensembl_116_curated_39_gene_complement
mouse	mouse	A	A	A	6	Hox6	expected_functional_member	Ensembl_116_curated_39_gene_complement
mouse	mouse	A	A	A	7	Hox7	expected_functional_member	Ensembl_116_curated_39_gene_complement
mouse	mouse	A	A	A	9	Hox9	expected_functional_member	Ensembl_116_curated_39_gene_complement
mouse	mouse	A	A	A	10	Hox10	expected_functional_member	Ensembl_116_curated_39_gene_complement
mouse	mouse	A	A	A	11	Hox11	expected_functional_member	Ensembl_116_curated_39_gene_complement
mouse	mouse	A	A	A	13	Hox13	expected_functional_member	Ensembl_116_curated_39_gene_complement
mouse	mouse	B	B	B	1	Hox1	expected_functional_member	Ensembl_116_curated_39_gene_complement
mouse	mouse	B	B	B	2	Hox2	expected_functional_member	Ensembl_116_curated_39_gene_complement
mouse	mouse	B	B	B	3	Hox3	expected_functional_member	Ensembl_116_curated_39_gene_complement
mouse	mouse	B	B	B	4	Hox4	expected_functional_member	Ensembl_116_curated_39_gene_complement
mouse	mouse	B	B	B	5	Hox5	expected_functional_member	Ensembl_116_curated_39_gene_complement
mouse	mouse	B	B	B	6	Hox6	expected_functional_member	Ensembl_116_curated_39_gene_complement
mouse	mouse	B	B	B	7	Hox7	expected_functional_member	Ensembl_116_curated_39_gene_complement
mouse	mouse	B	B	B	8	Hox8	expected_functional_member	Ensembl_116_curated_39_gene_complement
mouse	mouse	B	B	B	9	Hox9	expected_functional_member	Ensembl_116_curated_39_gene_complement
mouse	mouse	B	B	B	13	Hox13	expected_functional_member	Ensembl_116_curated_39_gene_complement
mouse	mouse	C	C	C	4	Hox4	expected_functional_member	Ensembl_116_curated_39_gene_complement
mouse	mouse	C	C	C	5	Hox5	expected_functional_member	Ensembl_116_curated_39_gene_complement
mouse	mouse	C	C	C	6	Hox6	expected_functional_member	Ensembl_116_curated_39_gene_complement
mouse	mouse	C	C	C	8	Hox8	expected_functional_member	Ensembl_116_curated_39_gene_complement
mouse	mouse	C	C	C	9	Hox9	expected_functional_member	Ensembl_116_curated_39_gene_complement
mouse	mouse	C	C	C	10	Hox10	expected_functional_member	Ensembl_116_curated_39_gene_complement
mouse	mouse	C	C	C	11	Hox11	expected_functional_member	Ensembl_116_curated_39_gene_complement
mouse	mouse	C	C	C	12	Hox12	expected_functional_member	Ensembl_116_curated_39_gene_complement
mouse	mouse	C	C	C	13	Hox13	expected_functional_member	Ensembl_116_curated_39_gene_complement
mouse	mouse	D	D	D	1	Hox1	expected_functional_member	Ensembl_116_curated_39_gene_complement
mouse	mouse	D	D	D	3	Hox3	expected_functional_member	Ensembl_116_curated_39_gene_complement
mouse	mouse	D	D	D	4	Hox4	expected_functional_member	Ensembl_116_curated_39_gene_complement
mouse	mouse	D	D	D	8	Hox8	expected_functional_member	Ensembl_116_curated_39_gene_complement
mouse	mouse	D	D	D	9	Hox9	expected_functional_member	Ensembl_116_curated_39_gene_complement
mouse	mouse	D	D	D	10	Hox10	expected_functional_member	Ensembl_116_curated_39_gene_complement
mouse	mouse	D	D	D	11	Hox11	expected_functional_member	Ensembl_116_curated_39_gene_complement
mouse	mouse	D	D	D	12	Hox12	expected_functional_member	Ensembl_116_curated_39_gene_complement
mouse	mouse	D	D	D	13	Hox13	expected_functional_member	Ensembl_116_curated_39_gene_complement
chicken	chicken	A	A	A	1	Hox1	expected_functional_member	published_avian_39_gene_complement_and_Ensembl_116_locus_audit
chicken	chicken	A	A	A	2	Hox2	expected_functional_member	published_avian_39_gene_complement_and_Ensembl_116_locus_audit
chicken	chicken	A	A	A	3	Hox3	expected_functional_member	published_avian_39_gene_complement_and_Ensembl_116_locus_audit
chicken	chicken	A	A	A	4	Hox4	expected_functional_member	published_avian_39_gene_complement_and_Ensembl_116_locus_audit
chicken	chicken	A	A	A	5	Hox5	expected_functional_member	published_avian_39_gene_complement_and_Ensembl_116_locus_audit
chicken	chicken	A	A	A	6	Hox6	expected_functional_member	published_avian_39_gene_complement_and_Ensembl_116_locus_audit
chicken	chicken	A	A	A	7	Hox7	expected_functional_member	published_avian_39_gene_complement_and_Ensembl_116_locus_audit
chicken	chicken	A	A	A	9	Hox9	expected_functional_member	published_avian_39_gene_complement_and_Ensembl_116_locus_audit
chicken	chicken	A	A	A	10	Hox10	expected_functional_member	published_avian_39_gene_complement_and_Ensembl_116_locus_audit
chicken	chicken	A	A	A	11	Hox11	expected_functional_member	published_avian_39_gene_complement_and_Ensembl_116_locus_audit
chicken	chicken	A	A	A	13	Hox13	expected_functional_member	published_avian_39_gene_complement_and_Ensembl_116_locus_audit
chicken	chicken	B	B	B	1	Hox1	expected_functional_member	published_avian_39_gene_complement_and_Ensembl_116_locus_audit
chicken	chicken	B	B	B	2	Hox2	expected_functional_member	published_avian_39_gene_complement_and_Ensembl_116_locus_audit
chicken	chicken	B	B	B	3	Hox3	expected_functional_member	published_avian_39_gene_complement_and_Ensembl_116_locus_audit
chicken	chicken	B	B	B	4	Hox4	expected_functional_member	published_avian_39_gene_complement_and_Ensembl_116_locus_audit
chicken	chicken	B	B	B	5	Hox5	expected_functional_member	published_avian_39_gene_complement_and_Ensembl_116_locus_audit
chicken	chicken	B	B	B	6	Hox6	expected_functional_member	published_avian_39_gene_complement_and_Ensembl_116_locus_audit
chicken	chicken	B	B	B	7	Hox7	expected_functional_member	published_avian_39_gene_complement_and_Ensembl_116_locus_audit
chicken	chicken	B	B	B	8	Hox8	expected_functional_member	published_avian_39_gene_complement_and_Ensembl_116_locus_audit
chicken	chicken	B	B	B	9	Hox9	expected_functional_member	published_avian_39_gene_complement_and_Ensembl_116_locus_audit
chicken	chicken	B	B	B	13	Hox13	expected_functional_member	published_avian_39_gene_complement_and_Ensembl_116_locus_audit
chicken	chicken	C	C	C	4	Hox4	expected_functional_member	published_avian_39_gene_complement_and_Ensembl_116_locus_audit
chicken	chicken	C	C	C	5	Hox5	expected_functional_member	published_avian_39_gene_complement_and_Ensembl_116_locus_audit
chicken	chicken	C	C	C	6	Hox6	expected_functional_member	published_avian_39_gene_complement_and_Ensembl_116_locus_audit
chicken	chicken	C	C	C	8	Hox8	expected_functional_member	published_avian_39_gene_complement_and_Ensembl_116_locus_audit
chicken	chicken	C	C	C	9	Hox9	expected_functional_member	published_avian_39_gene_complement_and_Ensembl_116_locus_audit
chicken	chicken	C	C	C	10	Hox10	expected_functional_member	published_avian_39_gene_complement_and_Ensembl_116_locus_audit
chicken	chicken	C	C	C	11	Hox11	expected_functional_member	published_avian_39_gene_complement_and_Ensembl_116_locus_audit
chicken	chicken	C	C	C	12	Hox12	expected_functional_member	published_avian_39_gene_complement_and_Ensembl_116_locus_audit
chicken	chicken	C	C	C	13	Hox13	expected_functional_member	published_avian_39_gene_complement_and_Ensembl_116_locus_audit
chicken	chicken	D	D	D	1	Hox1	expected_functional_member	published_avian_39_gene_complement_and_Ensembl_116_locus_audit
chicken	chicken	D	D	D	3	Hox3	expected_functional_member	published_avian_39_gene_complement_and_Ensembl_116_locus_audit
chicken	chicken	D	D	D	4	Hox4	expected_functional_member	published_avian_39_gene_complement_and_Ensembl_116_locus_audit
chicken	chicken	D	D	D	8	Hox8	expected_functional_member	published_avian_39_gene_complement_and_Ensembl_116_locus_audit
chicken	chicken	D	D	D	9	Hox9	expected_functional_member	published_avian_39_gene_complement_and_Ensembl_116_locus_audit
chicken	chicken	D	D	D	10	Hox10	expected_functional_member	published_avian_39_gene_complement_and_Ensembl_116_locus_audit
chicken	chicken	D	D	D	11	Hox11	expected_functional_member	published_avian_39_gene_complement_and_Ensembl_116_locus_audit
chicken	chicken	D	D	D	12	Hox12	expected_functional_member	published_avian_39_gene_complement_and_Ensembl_116_locus_audit
chicken	chicken	D	D	D	13	Hox13	expected_functional_member	published_avian_39_gene_complement_and_Ensembl_116_locus_audit
gar	gar	A	A	A	1	Hox1	expected_functional_member	Braasch_et_al_2016_Supplementary_Figure_12_43_protein_coding_genes
gar	gar	A	A	A	2	Hox2	expected_functional_member	Braasch_et_al_2016_Supplementary_Figure_12_43_protein_coding_genes
gar	gar	A	A	A	3	Hox3	expected_functional_member	Braasch_et_al_2016_Supplementary_Figure_12_43_protein_coding_genes
gar	gar	A	A	A	4	Hox4	expected_functional_member	Braasch_et_al_2016_Supplementary_Figure_12_43_protein_coding_genes
gar	gar	A	A	A	5	Hox5	expected_functional_member	Braasch_et_al_2016_Supplementary_Figure_12_43_protein_coding_genes
gar	gar	A	A	A	6	Hox6	expected_functional_member	Braasch_et_al_2016_Supplementary_Figure_12_43_protein_coding_genes
gar	gar	A	A	A	7	Hox7	expected_functional_member	Braasch_et_al_2016_Supplementary_Figure_12_43_protein_coding_genes
gar	gar	A	A	A	9	Hox9	expected_functional_member	Braasch_et_al_2016_Supplementary_Figure_12_43_protein_coding_genes
gar	gar	A	A	A	10	Hox10	expected_functional_member	Braasch_et_al_2016_Supplementary_Figure_12_43_protein_coding_genes
gar	gar	A	A	A	11	Hox11	expected_functional_member	Braasch_et_al_2016_Supplementary_Figure_12_43_protein_coding_genes
gar	gar	A	A	A	13	Hox13	expected_functional_member	Braasch_et_al_2016_Supplementary_Figure_12_43_protein_coding_genes
gar	gar	B	B	B	1	Hox1	expected_functional_member	Braasch_et_al_2016_Supplementary_Figure_12_43_protein_coding_genes
gar	gar	B	B	B	2	Hox2	expected_functional_member	Braasch_et_al_2016_Supplementary_Figure_12_43_protein_coding_genes
gar	gar	B	B	B	3	Hox3	expected_functional_member	Braasch_et_al_2016_Supplementary_Figure_12_43_protein_coding_genes
gar	gar	B	B	B	4	Hox4	expected_functional_member	Braasch_et_al_2016_Supplementary_Figure_12_43_protein_coding_genes
gar	gar	B	B	B	5	Hox5	expected_functional_member	Braasch_et_al_2016_Supplementary_Figure_12_43_protein_coding_genes
gar	gar	B	B	B	6	Hox6	expected_functional_member	Braasch_et_al_2016_Supplementary_Figure_12_43_protein_coding_genes
gar	gar	B	B	B	7	Hox7	expected_functional_member	Braasch_et_al_2016_Supplementary_Figure_12_43_protein_coding_genes
gar	gar	B	B	B	8	Hox8	expected_functional_member	Braasch_et_al_2016_Supplementary_Figure_12_43_protein_coding_genes
gar	gar	B	B	B	9	Hox9	expected_functional_member	Braasch_et_al_2016_Supplementary_Figure_12_43_protein_coding_genes
gar	gar	B	B	B	10	Hox10	expected_functional_member	Braasch_et_al_2016_Supplementary_Figure_12_43_protein_coding_genes
gar	gar	B	B	B	13	Hox13	expected_functional_member	Braasch_et_al_2016_Supplementary_Figure_12_43_protein_coding_genes
gar	gar	C	C	C	1	Hox1	expected_functional_member	Braasch_et_al_2016_Supplementary_Figure_12_43_protein_coding_genes
gar	gar	C	C	C	3	Hox3	expected_functional_member	Braasch_et_al_2016_Supplementary_Figure_12_43_protein_coding_genes
gar	gar	C	C	C	4	Hox4	expected_functional_member	Braasch_et_al_2016_Supplementary_Figure_12_43_protein_coding_genes
gar	gar	C	C	C	5	Hox5	expected_functional_member	Braasch_et_al_2016_Supplementary_Figure_12_43_protein_coding_genes
gar	gar	C	C	C	6	Hox6	expected_functional_member	Braasch_et_al_2016_Supplementary_Figure_12_43_protein_coding_genes
gar	gar	C	C	C	8	Hox8	expected_functional_member	Braasch_et_al_2016_Supplementary_Figure_12_43_protein_coding_genes
gar	gar	C	C	C	9	Hox9	expected_functional_member	Braasch_et_al_2016_Supplementary_Figure_12_43_protein_coding_genes
gar	gar	C	C	C	10	Hox10	expected_functional_member	Braasch_et_al_2016_Supplementary_Figure_12_43_protein_coding_genes
gar	gar	C	C	C	11	Hox11	expected_functional_member	Braasch_et_al_2016_Supplementary_Figure_12_43_protein_coding_genes
gar	gar	C	C	C	12	Hox12	expected_functional_member	Braasch_et_al_2016_Supplementary_Figure_12_43_protein_coding_genes
gar	gar	C	C	C	13	Hox13	expected_functional_member	Braasch_et_al_2016_Supplementary_Figure_12_43_protein_coding_genes
gar	gar	D	D	D	1	Hox1	expected_functional_member	Braasch_et_al_2016_Supplementary_Figure_12_43_protein_coding_genes
gar	gar	D	D	D	2	Hox2	expected_functional_member	Braasch_et_al_2016_Supplementary_Figure_12_43_protein_coding_genes
gar	gar	D	D	D	3	Hox3	expected_functional_member	Braasch_et_al_2016_Supplementary_Figure_12_43_protein_coding_genes
gar	gar	D	D	D	4	Hox4	expected_functional_member	Braasch_et_al_2016_Supplementary_Figure_12_43_protein_coding_genes
gar	gar	D	D	D	8	Hox8	expected_functional_member	Braasch_et_al_2016_Supplementary_Figure_12_43_protein_coding_genes
gar	gar	D	D	D	9	Hox9	expected_functional_member	Braasch_et_al_2016_Supplementary_Figure_12_43_protein_coding_genes
gar	gar	D	D	D	10	Hox10	expected_functional_member	Braasch_et_al_2016_Supplementary_Figure_12_43_protein_coding_genes
gar	gar	D	D	D	11	Hox11	expected_functional_member	Braasch_et_al_2016_Supplementary_Figure_12_43_protein_coding_genes
gar	gar	D	D	D	12	Hox12	expected_functional_member	Braasch_et_al_2016_Supplementary_Figure_12_43_protein_coding_genes
gar	gar	D	D	D	13	Hox13	expected_functional_member	Braasch_et_al_2016_Supplementary_Figure_12_43_protein_coding_genes
zebrafish	zebrafish_a	A	A	AA	1	Hox1	expected_functional_member	Braasch_et_al_2016_Supplementary_Figure_12_49_protein_coding_genes
zebrafish	zebrafish_a	A	A	AA	3	Hox3	expected_functional_member	Braasch_et_al_2016_Supplementary_Figure_12_49_protein_coding_genes
zebrafish	zebrafish_a	A	A	AA	4	Hox4	expected_functional_member	Braasch_et_al_2016_Supplementary_Figure_12_49_protein_coding_genes
zebrafish	zebrafish_a	A	A	AA	5	Hox5	expected_functional_member	Braasch_et_al_2016_Supplementary_Figure_12_49_protein_coding_genes
zebrafish	zebrafish_a	A	A	AA	9	Hox9	expected_functional_member	Braasch_et_al_2016_Supplementary_Figure_12_49_protein_coding_genes
zebrafish	zebrafish_a	A	A	AA	11	Hox11	expected_functional_member	Braasch_et_al_2016_Supplementary_Figure_12_49_protein_coding_genes
zebrafish	zebrafish_a	A	A	AA	13	Hox13	expected_functional_member	Braasch_et_al_2016_Supplementary_Figure_12_49_protein_coding_genes
zebrafish	zebrafish_b	A	A	AB	2	Hox2	expected_functional_member	Braasch_et_al_2016_Supplementary_Figure_12_49_protein_coding_genes
zebrafish	zebrafish_b	A	A	AB	9	Hox9	expected_functional_member	Braasch_et_al_2016_Supplementary_Figure_12_49_protein_coding_genes
zebrafish	zebrafish_b	A	A	AB	10	Hox10	expected_functional_member	Braasch_et_al_2016_Supplementary_Figure_12_49_protein_coding_genes
zebrafish	zebrafish_b	A	A	AB	11	Hox11	expected_functional_member	Braasch_et_al_2016_Supplementary_Figure_12_49_protein_coding_genes
zebrafish	zebrafish_b	A	A	AB	13	Hox13	expected_functional_member	Braasch_et_al_2016_Supplementary_Figure_12_49_protein_coding_genes
zebrafish	zebrafish_a	B	B	BA	1	Hox1	expected_functional_member	Braasch_et_al_2016_Supplementary_Figure_12_49_protein_coding_genes
zebrafish	zebrafish_a	B	B	BA	2	Hox2	expected_functional_member	Braasch_et_al_2016_Supplementary_Figure_12_49_protein_coding_genes
zebrafish	zebrafish_a	B	B	BA	3	Hox3	expected_functional_member	Braasch_et_al_2016_Supplementary_Figure_12_49_protein_coding_genes
zebrafish	zebrafish_a	B	B	BA	4	Hox4	expected_functional_member	Braasch_et_al_2016_Supplementary_Figure_12_49_protein_coding_genes
zebrafish	zebrafish_a	B	B	BA	5	Hox5	expected_functional_member	Braasch_et_al_2016_Supplementary_Figure_12_49_protein_coding_genes
zebrafish	zebrafish_a	B	B	BA	6	Hox6	expected_functional_member	Braasch_et_al_2016_Supplementary_Figure_12_49_protein_coding_genes
zebrafish	zebrafish_a	B	B	BA	7	Hox7	expected_functional_member	Braasch_et_al_2016_Supplementary_Figure_12_49_protein_coding_genes
zebrafish	zebrafish_a	B	B	BA	8	Hox8	expected_functional_member	Braasch_et_al_2016_Supplementary_Figure_12_49_protein_coding_genes
zebrafish	zebrafish_a	B	B	BA	9	Hox9	expected_functional_member	Braasch_et_al_2016_Supplementary_Figure_12_49_protein_coding_genes
zebrafish	zebrafish_a	B	B	BA	10	Hox10	expected_functional_member	Braasch_et_al_2016_Supplementary_Figure_12_49_protein_coding_genes
zebrafish	zebrafish_a	B	B	BA	13	Hox13	expected_functional_member	Braasch_et_al_2016_Supplementary_Figure_12_49_protein_coding_genes
zebrafish	zebrafish_b	B	B	BB	1	Hox1	expected_functional_member	Braasch_et_al_2016_Supplementary_Figure_12_49_protein_coding_genes
zebrafish	zebrafish_b	B	B	BB	5	Hox5	expected_functional_member	Braasch_et_al_2016_Supplementary_Figure_12_49_protein_coding_genes
zebrafish	zebrafish_b	B	B	BB	6	Hox6	expected_functional_member	Braasch_et_al_2016_Supplementary_Figure_12_49_protein_coding_genes
zebrafish	zebrafish_b	B	B	BB	8	Hox8	expected_functional_member	Braasch_et_al_2016_Supplementary_Figure_12_49_protein_coding_genes
zebrafish	zebrafish_a	C	C	CA	1	Hox1	expected_functional_member	Braasch_et_al_2016_Supplementary_Figure_12_49_protein_coding_genes
zebrafish	zebrafish_a	C	C	CA	3	Hox3	expected_functional_member	Braasch_et_al_2016_Supplementary_Figure_12_49_protein_coding_genes
zebrafish	zebrafish_a	C	C	CA	4	Hox4	expected_functional_member	Braasch_et_al_2016_Supplementary_Figure_12_49_protein_coding_genes
zebrafish	zebrafish_a	C	C	CA	5	Hox5	expected_functional_member	Braasch_et_al_2016_Supplementary_Figure_12_49_protein_coding_genes
zebrafish	zebrafish_a	C	C	CA	6	Hox6	expected_functional_member	Braasch_et_al_2016_Supplementary_Figure_12_49_protein_coding_genes
zebrafish	zebrafish_a	C	C	CA	8	Hox8	expected_functional_member	Braasch_et_al_2016_Supplementary_Figure_12_49_protein_coding_genes
zebrafish	zebrafish_a	C	C	CA	9	Hox9	expected_functional_member	Braasch_et_al_2016_Supplementary_Figure_12_49_protein_coding_genes
zebrafish	zebrafish_a	C	C	CA	10	Hox10	expected_functional_member	Braasch_et_al_2016_Supplementary_Figure_12_49_protein_coding_genes
zebrafish	zebrafish_a	C	C	CA	11	Hox11	expected_functional_member	Braasch_et_al_2016_Supplementary_Figure_12_49_protein_coding_genes
zebrafish	zebrafish_a	C	C	CA	12	Hox12	expected_functional_member	Braasch_et_al_2016_Supplementary_Figure_12_49_protein_coding_genes
zebrafish	zebrafish_a	C	C	CA	13	Hox13	expected_functional_member	Braasch_et_al_2016_Supplementary_Figure_12_49_protein_coding_genes
zebrafish	zebrafish_b	C	C	CB	6	Hox6	expected_functional_member	Braasch_et_al_2016_Supplementary_Figure_12_49_protein_coding_genes
zebrafish	zebrafish_b	C	C	CB	11	Hox11	expected_functional_member	Braasch_et_al_2016_Supplementary_Figure_12_49_protein_coding_genes
zebrafish	zebrafish_b	C	C	CB	12	Hox12	expected_functional_member	Braasch_et_al_2016_Supplementary_Figure_12_49_protein_coding_genes
zebrafish	zebrafish_b	C	C	CB	13	Hox13	expected_functional_member	Braasch_et_al_2016_Supplementary_Figure_12_49_protein_coding_genes
zebrafish	zebrafish_a	D	D	DA	3	Hox3	expected_functional_member	Braasch_et_al_2016_Supplementary_Figure_12_49_protein_coding_genes
zebrafish	zebrafish_a	D	D	DA	4	Hox4	expected_functional_member	Braasch_et_al_2016_Supplementary_Figure_12_49_protein_coding_genes
zebrafish	zebrafish_a	D	D	DA	9	Hox9	expected_functional_member	Braasch_et_al_2016_Supplementary_Figure_12_49_protein_coding_genes
zebrafish	zebrafish_a	D	D	DA	10	Hox10	expected_functional_member	Braasch_et_al_2016_Supplementary_Figure_12_49_protein_coding_genes
zebrafish	zebrafish_a	D	D	DA	11	Hox11	expected_functional_member	Braasch_et_al_2016_Supplementary_Figure_12_49_protein_coding_genes
zebrafish	zebrafish_a	D	D	DA	12	Hox12	expected_functional_member	Braasch_et_al_2016_Supplementary_Figure_12_49_protein_coding_genes
zebrafish	zebrafish_a	D	D	DA	13	Hox13	expected_functional_member	Braasch_et_al_2016_Supplementary_Figure_12_49_protein_coding_genes
amphioxus	amphioxus	A	ancestral	ancestral	1	Hox1	expected_functional_member	Pascual-Anaya_et_al_2012_15_gene_complement
amphioxus	amphioxus	A	ancestral	ancestral	2	Hox2	expected_functional_member	Pascual-Anaya_et_al_2012_15_gene_complement
amphioxus	amphioxus	A	ancestral	ancestral	3	Hox3	expected_functional_member	Pascual-Anaya_et_al_2012_15_gene_complement
amphioxus	amphioxus	A	ancestral	ancestral	4	Hox4	expected_functional_member	Pascual-Anaya_et_al_2012_15_gene_complement
amphioxus	amphioxus	A	ancestral	ancestral	5	Hox5	expected_functional_member	Pascual-Anaya_et_al_2012_15_gene_complement
amphioxus	amphioxus	A	ancestral	ancestral	6	Hox6	expected_functional_member	Pascual-Anaya_et_al_2012_15_gene_complement
amphioxus	amphioxus	A	ancestral	ancestral	7	Hox7	expected_functional_member	Pascual-Anaya_et_al_2012_15_gene_complement
amphioxus	amphioxus	A	ancestral	ancestral	8	Hox8	expected_functional_member	Pascual-Anaya_et_al_2012_15_gene_complement
amphioxus	amphioxus	A	ancestral	ancestral	9	Hox9	expected_functional_member	Pascual-Anaya_et_al_2012_15_gene_complement
amphioxus	amphioxus	A	ancestral	ancestral	10	Hox10	expected_functional_member	Pascual-Anaya_et_al_2012_15_gene_complement
amphioxus	amphioxus	A	ancestral	ancestral	11	Hox11	expected_functional_member	Pascual-Anaya_et_al_2012_15_gene_complement
amphioxus	amphioxus	A	ancestral	ancestral	12	Hox12	expected_functional_member	Pascual-Anaya_et_al_2012_15_gene_complement
amphioxus	amphioxus	A	ancestral	ancestral	13	Hox13	expected_functional_member	Pascual-Anaya_et_al_2012_15_gene_complement
amphioxus	amphioxus	A	ancestral	ancestral	14	Hox14	expected_functional_member	Pascual-Anaya_et_al_2012_15_gene_complement
amphioxus	amphioxus	A	ancestral	ancestral	15	Hox15	expected_functional_member	Pascual-Anaya_et_al_2012_15_gene_complement
