species	gene_id	gene_symbol	exon_id	seqname	start	end	strand	genomic_exon_index
human	ENSG00000026508	CD44	ENSE00004802753	11	35138721	35139370	1	1
human	ENSG00000026508	CD44	ENSE00002155345	11	35139171	35139370	1	2
human	ENSG00000026508	CD44	ENSE00003896435	11	35139171	35139370	1	3
human	ENSG00000026508	CD44	ENSE00002162131	11	35139182	35139370	1	4
human	ENSG00000026508	CD44	ENSE00002188577	11	35139262	35139370	1	5
human	ENSG00000026508	CD44	ENSE00002177526	11	35139304	35139370	1	6
human	ENSG00000026508	CD44	ENSE00002198941	11	35139306	35139370	1	7
human	ENSG00000026508	CD44	ENSE00004770999	11	35143464	35143817	1	8
human	ENSG00000026508	CD44	ENSE00003561898	11	35176575	35176740	1	9
human	ENSG00000026508	CD44	ENSE00003485510	11	35176575	35176740	1	10
human	ENSG00000026508	CD44	ENSE00002179732	11	35176575	35177110	1	11
human	ENSG00000026508	CD44	ENSE00004366179	11	35176602	35176740	1	12
human	ENSG00000026508	CD44	ENSE00002153584	11	35176628	35176740	1	13
human	ENSG00000026508	CD44	ENSE00002141013	11	35176641	35176740	1	14
human	ENSG00000026508	CD44	ENSE00002191813	11	35176662	35176740	1	15
human	ENSG00000026508	CD44	ENSE00002197227	11	35176699	35176740	1	16
human	ENSG00000026508	CD44	ENSE00002193843	11	35180274	35180329	1	17
human	ENSG00000026508	CD44	ENSE00003658180	11	35180274	35180407	1	18
human	ENSG00000026508	CD44	ENSE00003533978	11	35180274	35180407	1	19
human	ENSG00000026508	CD44	ENSE00004737384	11	35180274	35180887	1	20
human	ENSG00000026508	CD44	ENSE00002142692	11	35180279	35180407	1	21
human	ENSG00000026508	CD44	ENSE00002166630	11	35180358	35180407	1	22
human	ENSG00000026508	CD44	ENSE00004366182	11	35186802	35186900	1	23
human	ENSG00000026508	CD44	ENSE00003504402	11	35186832	35186900	1	24
human	ENSG00000026508	CD44	ENSE00003620943	11	35186832	35186900	1	25
human	ENSG00000026508	CD44	ENSE00003506110	11	35186832	35186900	1	26
human	ENSG00000026508	CD44	ENSE00002195645	11	35186843	35186900	1	27
human	ENSG00000026508	CD44	ENSE00002153314	11	35186862	35186900	1	28
human	ENSG00000026508	CD44	ENSE00001647548	11	35189835	35189972	1	29
human	ENSG00000026508	CD44	ENSE00003639932	11	35189835	35190065	1	30
human	ENSG00000026508	CD44	ENSE00003477603	11	35189835	35190065	1	31
human	ENSG00000026508	CD44	ENSE00002190362	11	35189835	35190429	1	32
human	ENSG00000026508	CD44	ENSE00002184001	11	35189882	35190065	1	33
human	ENSG00000026508	CD44	ENSE00002152444	11	35189891	35190065	1	34
human	ENSG00000026508	CD44	ENSE00002194976	11	35189900	35190065	1	35
human	ENSG00000026508	CD44	ENSE00002156359	11	35189926	35190065	1	36
human	ENSG00000026508	CD44	ENSE00002164148	11	35190010	35190065	1	37
human	ENSG00000026508	CD44	ENSE00000710505	11	35196746	35196874	1	38
human	ENSG00000026508	CD44	ENSE00002155909	11	35197162	35197793	1	39
human	ENSG00000026508	CD44	ENSE00002147765	11	35197857	35198246	1	40
human	ENSG00000026508	CD44	ENSE00002153468	11	35197869	35198555	1	41
human	ENSG00000026508	CD44	ENSE00003678600	11	35198121	35198246	1	42
human	ENSG00000026508	CD44	ENSE00003637485	11	35198121	35198246	1	43
human	ENSG00000026508	CD44	ENSE00004737386	11	35198121	35198549	1	44
human	ENSG00000026508	CD44	ENSE00004466519	11	35198145	35198246	1	45
human	ENSG00000026508	CD44	ENSE00002151908	11	35198148	35198246	1	46
human	ENSG00000026508	CD44	ENSE00002169416	11	35200539	35200636	1	47
human	ENSG00000026508	CD44	ENSE00004768694	11	35200646	35202537	1	48
human	ENSG00000026508	CD44	ENSE00003692209	11	35201082	35201195	1	49
human	ENSG00000026508	CD44	ENSE00003687007	11	35201082	35201195	1	50
human	ENSG00000026508	CD44	ENSE00002149457	11	35201083	35201195	1	51
human	ENSG00000026508	CD44	ENSE00002157331	11	35201144	35201195	1	52
human	ENSG00000026508	CD44	ENSE00002193053	11	35201621	35201787	1	53
human	ENSG00000026508	CD44	ENSE00002145160	11	35201668	35201731	1	54
human	ENSG00000026508	CD44	ENSE00003619384	11	35201668	35201787	1	55
human	ENSG00000026508	CD44	ENSE00004366172	11	35201668	35201787	1	56
human	ENSG00000026508	CD44	ENSE00002159834	11	35201671	35201753	1	57
human	ENSG00000026508	CD44	ENSE00002164519	11	35201671	35201767	1	58
human	ENSG00000026508	CD44	ENSE00000824450	11	35201671	35201787	1	59
human	ENSG00000026508	CD44	ENSE00004466517	11	35201677	35201787	1	60
human	ENSG00000026508	CD44	ENSE00002162882	11	35201679	35201787	1	61
human	ENSG00000026508	CD44	ENSE00003469853	11	35204512	35204640	1	62
human	ENSG00000026508	CD44	ENSE00003593405	11	35204512	35204640	1	63
human	ENSG00000026508	CD44	ENSE00002171286	11	35204512	35204811	1	64
human	ENSG00000026508	CD44	ENSE00002166363	11	35204512	35204909	1	65
human	ENSG00000026508	CD44	ENSE00004747479	11	35204512	35206043	1	66
human	ENSG00000026508	CD44	ENSE00004747477	11	35204512	35206057	1	67
human	ENSG00000026508	CD44	ENSE00002198931	11	35205715	35206243	1	68
human	ENSG00000026508	CD44	ENSE00004747480	11	35205785	35206037	1	69
human	ENSG00000026508	CD44	ENSE00004747478	11	35205785	35206038	1	70
human	ENSG00000026508	CD44	ENSE00002178770	11	35205785	35206047	1	71
human	ENSG00000026508	CD44	ENSE00004768693	11	35205899	35206037	1	72
human	ENSG00000026508	CD44	ENSE00000710490	11	35206112	35206243	1	73
human	ENSG00000026508	CD44	ENSE00002160255	11	35206115	35206243	1	74
human	ENSG00000026508	CD44	ENSE00003822403	11	35208105	35208137	1	75
human	ENSG00000026508	CD44	ENSE00002192111	11	35208105	35208164	1	76
human	ENSG00000026508	CD44	ENSE00003790928	11	35208105	35208206	1	77
human	ENSG00000026508	CD44	ENSE00002150529	11	35208137	35208206	1	78
human	ENSG00000026508	CD44	ENSE00003828676	11	35209965	35209969	1	79
human	ENSG00000026508	CD44	ENSE00002164541	11	35209965	35209974	1	80
human	ENSG00000026508	CD44	ENSE00000710485	11	35209965	35210054	1	81
human	ENSG00000026508	CD44	ENSE00003828127	11	35211246	35211253	1	82
human	ENSG00000026508	CD44	ENSE00003817903	11	35211246	35211257	1	83
human	ENSG00000026508	CD44	ENSE00003823878	11	35211246	35211309	1	84
human	ENSG00000026508	CD44	ENSE00002199174	11	35211246	35211310	1	85
human	ENSG00000026508	CD44	ENSE00002195540	11	35211246	35211342	1	86
human	ENSG00000026508	CD44	ENSE00002153043	11	35211246	35211401	1	87
human	ENSG00000026508	CD44	ENSE00003608645	11	35211246	35211449	1	88
human	ENSG00000026508	CD44	ENSE00003551494	11	35211246	35211449	1	89
human	ENSG00000026508	CD44	ENSE00004466520	11	35211264	35211449	1	90
human	ENSG00000026508	CD44	ENSE00002150596	11	35214666	35214914	1	91
human	ENSG00000026508	CD44	ENSE00002178504	11	35214852	35214861	1	92
human	ENSG00000026508	CD44	ENSE00003526469	11	35214852	35214914	1	93
human	ENSG00000026508	CD44	ENSE00003473311	11	35214852	35214914	1	94
human	ENSG00000026508	CD44	ENSE00002150934	11	35218929	35219387	1	95
human	ENSG00000026508	CD44	ENSE00003632343	11	35219316	35219387	1	96
human	ENSG00000026508	CD44	ENSE00003515975	11	35219316	35219387	1	97
human	ENSG00000026508	CD44	ENSE00002147699	11	35219340	35219387	1	98
human	ENSG00000026508	CD44	ENSE00002190979	11	35219344	35219387	1	99
human	ENSG00000026508	CD44	ENSE00002176940	11	35221654	35221716	1	100
human	ENSG00000026508	CD44	ENSE00002199247	11	35221654	35221731	1	101
human	ENSG00000026508	CD44	ENSE00003534676	11	35221654	35221732	1	102
human	ENSG00000026508	CD44	ENSE00003466081	11	35221654	35221732	1	103
human	ENSG00000026508	CD44	ENSE00000993276	11	35221705	35221732	1	104
human	ENSG00000026508	CD44	ENSE00001598274	11	35222375	35223320	1	105
human	ENSG00000026508	CD44	ENSE00002177195	11	35229129	35229164	1	106
human	ENSG00000026508	CD44	ENSE00002195580	11	35229129	35229244	1	107
human	ENSG00000026508	CD44	ENSE00002168101	11	35229129	35229322	1	108
human	ENSG00000026508	CD44	ENSE00003604394	11	35229129	35229333	1	109
human	ENSG00000026508	CD44	ENSE00002186415	11	35229129	35229446	1	110
human	ENSG00000026508	CD44	ENSE00002167362	11	35229129	35229789	1	111
human	ENSG00000026508	CD44	ENSE00003649170	11	35229129	35230027	1	112
human	ENSG00000026508	CD44	ENSE00004802752	11	35229129	35232402	1	113
human	ENSG00000026508	CD44	ENSE00004802754	11	35229129	35232402	1	114
mouse	ENSMUSG00000005087	Cd44	ENSMUSE00000494459	2	102641486	102644682	-1	1
mouse	ENSMUSG00000005087	Cd44	ENSMUSE00000687024	2	102644478	102644682	-1	2
mouse	ENSMUSG00000005087	Cd44	ENSMUSE00000428727	2	102652553	102652631	-1	3
mouse	ENSMUSG00000005087	Cd44	ENSMUSE00000429014	2	102654606	102654677	-1	4
mouse	ENSMUSG00000005087	Cd44	ENSMUSE00000429020	2	102658887	102658955	-1	5
mouse	ENSMUSG00000005087	Cd44	ENSMUSE00000429028	2	102661675	102661881	-1	6
mouse	ENSMUSG00000005087	Cd44	ENSMUSE00000429038	2	102662828	102662917	-1	7
mouse	ENSMUSG00000005087	Cd44	ENSMUSE00000429046	2	102664579	102664680	-1	8
mouse	ENSMUSG00000005087	Cd44	ENSMUSE00000429052	2	102668158	102668283	-1	9
mouse	ENSMUSG00000005087	Cd44	ENSMUSE00000429059	2	102669703	102669822	-1	10
mouse	ENSMUSG00000005087	Cd44	ENSMUSE00000166711	2	102672606	102672722	-1	11
mouse	ENSMUSG00000005087	Cd44	ENSMUSE00000166716	2	102673181	102673294	-1	12
mouse	ENSMUSG00000005087	Cd44	ENSMUSE00000166719	2	102675630	102675755	-1	13
mouse	ENSMUSG00000005087	Cd44	ENSMUSE00000166710	2	102676748	102676864	-1	14
mouse	ENSMUSG00000005087	Cd44	ENSMUSE00000166708	2	102679002	102679127	-1	15
mouse	ENSMUSG00000005087	Cd44	ENSMUSE00000738236	2	102682238	102683581	-1	16
mouse	ENSMUSG00000005087	Cd44	ENSMUSE00000429126	2	102683360	102683581	-1	17
mouse	ENSMUSG00000005087	Cd44	ENSMUSE00001251397	2	102686244	102686312	-1	18
mouse	ENSMUSG00000005087	Cd44	ENSMUSE00001307549	2	102686244	102686312	-1	19
mouse	ENSMUSG00000005087	Cd44	ENSMUSE00001292286	2	102691905	102692041	-1	20
mouse	ENSMUSG00000005087	Cd44	ENSMUSE00001285805	2	102691905	102692041	-1	21
mouse	ENSMUSG00000005087	Cd44	ENSMUSE00001268849	2	102695626	102695791	-1	22
mouse	ENSMUSG00000005087	Cd44	ENSMUSE00001269627	2	102695626	102695791	-1	23
mouse	ENSMUSG00000005087	Cd44	ENSMUSE00000940032	2	102731613	102731691	-1	24
mouse	ENSMUSG00000005087	Cd44	ENSMUSE00000933031	2	102731613	102731803	-1	25
mouse	ENSMUSG00000005087	Cd44	ENSMUSE00002199113	2	102731613	102732010	-1	26
