track	tspecies	tchr	tstart	tend	qspecies	qchr	qstart	qend	strand	group	score	alignment_length	identity	identity_bin	human_gene_region
link_human_mouse	human	chr11	35125621	35126836	mouse	chr2	102742825	102743977	-	lastz_1	747	1272	58.726	55-60%	5' side
link_human_mouse	human	chr11	35131126	35137486	mouse	chr2	102734088	102740698	-	lastz_2	3822	7280	52.5	50-55%	5' side
link_human_mouse	human	chr11	35137488	35140465	mouse	chr2	102730609	102733282	-	lastz_3	1766	3148	56.099	55-60%	5' side
link_human_mouse	human	chr11	35141026	35143062	mouse	chr2	102728779	102730495	-	lastz_4	1089	2125	51.247	50-55%	5' side
link_human_mouse	human	chr11	35143413	35144569	mouse	chr2	102726454	102727553	-	lastz_5	719	1229	58.503	55-60%	5' side
link_human_mouse	human	chr11	35145166	35156317	mouse	chr2	102715311	102726235	-	lastz_6	6863	12156	56.458	55-60%	5' side
link_human_mouse	human	chr11	35156320	35161867	mouse	chr2	102709572	102714831	-	lastz_7	3205	6179	51.869	50-55%	5' side
link_human_mouse	human	chr11	35157282	35157508	mouse	chr2	102713972	102714161	-	lastz_8	138	239	57.741	55-60%	5' side
link_human_mouse	human	chr11	35158782	35158999	mouse	chr2	102712560	102712767	-	lastz_9	163	218	74.771	>=70%	5' side
link_human_mouse	human	chr11	35161865	35163162	mouse	chr2	102707940	102709188	-	lastz_10	778	1385	56.173	55-60%	5' side
link_human_mouse	human	chr11	35163151	35169118	mouse	chr2	102701679	102707426	-	lastz_11	3565	6405	55.66	55-60%	5' side
link_human_mouse	human	chr11	35170924	35171561	mouse	chr2	102699147	102699694	-	lastz_12	396	641	61.778	60-65%	5' side
link_human_mouse	human	chr11	35172997	35173290	mouse	chr2	102698796	102699081	-	lastz_13	209	296	70.608	>=70%	5' side
link_human_mouse	human	chr11	35173278	35174335	mouse	chr2	102697405	102698419	-	lastz_14	649	1120	57.946	55-60%	5' side
link_human_mouse	human	chr11	35175038	35181658	mouse	chr2	102690789	102697380	-	lastz_15	4024	7359	54.681	50-55%	5' side
link_human_mouse	human	chr11	35181655	35181775	mouse	chr2	102734509	102734623	+	lastz_16	92	121	76.033	>=70%	5' side
link_human_mouse	human	chr11	35182091	35206467	mouse	chr2	102667929	102690803	-	lastz_17	14249	26544	53.681	50-55%	variable exon-rich middle
link_human_mouse	human	chr11	35206456	35206997	mouse	chr2	102666362	102666903	-	lastz_18	327	581	56.282	55-60%	variable exon-rich middle
link_human_mouse	human	chr11	35207000	35212749	mouse	chr2	102660547	102665773	-	lastz_19	3542	5993	59.102	55-60%	variable exon-rich middle
link_human_mouse	human	chr11	35213692	35224035	mouse	chr2	102650381	102660185	-	lastz_20	6027	11186	53.88	50-55%	3' side
link_human_mouse	human	chr11	35225176	35225509	mouse	chr2	102648379	102648693	-	lastz_21	214	334	64.072	60-65%	3' side
link_human_mouse	human	chr11	35227499	35228733	mouse	chr2	102645499	102646734	-	lastz_22	812	1302	62.366	60-65%	3' side
link_human_mouse	human	chr11	35228765	35232505	mouse	chr2	102641633	102645020	-	lastz_23	2343	3920	59.77	55-60%	3' side
link_human_mouse	human	chr11	35234541	35235812	mouse	chr2	102637343	102638674	-	lastz_24	824	1388	59.366	55-60%	3' side
link_human_mouse	human	chr11	35235802	35239142	mouse	chr2	102633796	102636941	-	lastz_25	1990	3622	54.942	50-55%	3' side
